filename_key,GSE,tissue,species,category,description,modality,cell_count,drop_status
GSE115571_LPSMmDev,GSE115571,other,mouse,Unknown,GSE115571_LPSMmDev,scrna,19998,kept
GSE117988_MCCPBMCCancer,GSE117988,PBMC,human,Unknown,GSE117988_MCCPBMCCancer,scrna,12874,kept
GSE120505_bloodAged,GSE120505,blood,mouse,Unknown,GSE120505_bloodAged,scrna,14588,kept
GSE120575_melanomaHmCancer,GSE120575,tumor,human,Unknown,GSE120575_melanomaHmCancer,scrna,16291,dropped_preprocessed
GSE123813_bccHmCancer,GSE123813,tumor,human,Unknown,GSE123813_bccHmCancer,scrna,53030,kept
GSE123902_LungAdreHmCancer,GSE123902,lung,human,Unknown,GSE123902_LungAdreHmCancer,scrna,42847,kept
GSE124310_MMHmCancer,GSE124310,tumor,human,Unknown,GSE124310_MMHmCancer,scrna,27796,kept
GSE130148_LungHmDev,GSE130148,lung,human,Unknown,GSE130148_LungHmDev,scrna,10360,kept
GSE130646_muscleHm,GSE130646,muscle,human,Unknown,GSE130646_muscleHm,scrna,2876,kept
GSE132509_acutelymluekPBMCHmCancer,GSE132509,PBMC,human,Unknown,GSE132509_acutelymluekPBMCHmCancer,scrna,39375,kept
GSE138709_LiverCancer,GSE138709,liver,human,Unknown,GSE138709_LiverCancer,scrna,33991,kept
GSE142653pitHmDev,GSE142653,other,human,Unknown,GSE142653pitHmDev,scrna,5181,kept
GSE143423_lbm_CancerBrainHm,GSE143423,brain,human,Unknown,GSE143423_lbm_CancerBrainHm,scrna,12196,kept
GSE145929_ProgastinMmDev,GSE145929,other,mouse,Unknown,GSE145929_ProgastinMmDev,scrna,61014,kept
GSE148215_hESCHSPCD8Hm,GSE148215,stem_cell,human,Unknown,GSE148215_hESCHSPCD8Hm,scrna,10110,kept
GSE148218_bmALLHmCancer,GSE148218,tumor,human,Unknown,GSE148218_bmALLHmCancer,scrna,50747,kept
GSE149655_CAHmCancer,GSE149655,tumor,human,Unknown,GSE149655_CAHmCancer,scrna,13060,kept
GSE155109_bcECHmCancer,GSE155109,tumor,human,Unknown,GSE155109_bcECHmCancer,scrna,8433,kept
GSE165784_RetinaHmDev,GSE165784,retina,human,Unknown,GSE165784_RetinaHmDev,scrna,11492,kept
GSE165844_LSKMmBatch,GSE165844,other,mouse,Unknown,GSE165844_LSKMmBatch,scrna,19791,kept
GSE167597_spineMm,GSE167597,other,mouse,Unknown,GSE167597_spineMm,scrna,16042,kept
GSE168181_BreastHmCancer,GSE168181,tumor,mouse,Unknown,GSE168181_BreastHmCancer,scrna,23556,kept
GSE183904_GastricHmCancer,GSE183904,tumor,human,Unknown,GSE183904_GastricHmCancer,scrna,62035,kept
GSE189070_astrocytesSCIMmDev,GSE189070,other,mouse,Unknown,GSE189070_astrocytesSCIMmDev,scrna,103446,kept
GSE189357_lungAdreHmCancer,GSE189357,lung,human,Unknown,GSE189357_lungAdreHmCancer,scrna,45938,kept
GSE192857_hESCHmTimes,GSE192857,stem_cell,human,Unknown,GSE192857_hESCHmTimes,scrna,11067,kept
GSE213740_ADHm,GSE213740,other,human,Unknown,GSE213740_ADHm,scrna,23871,kept
GSE222002_TcellsHmCancer,GSE222002,tumor,mouse,Unknown,GSE222002_TcellsHmCancer,scrna,78315,kept
GSE222369_NKsLymphomaHmCancer,GSE222369,tumor,human,Unknown,GSE222369_NKsLymphomaHmCancer,scrna,138805,kept
GSE225600_breast_CancerHm,GSE225600,tumor,human,Unknown,GSE225600_breast_CancerHm,scrna,81683,kept
GSE225857_liverColonMetasisHmCancer,GSE225857,liver,human,Unknown,GSE225857_liverColonMetasisHmCancer,scrna,22260,kept
GSE225948_bloodMmStrokeDev,GSE225948,blood,mouse,Unknown,GSE225948_bloodMmStrokeDev,scrna,51709,dropped_preprocessed
GSE226131_HSCMmAged,GSE226131,other,mouse,Unknown,GSE226131_HSCMmAged,scrna,15793,kept
GSE228499_breastHmCancer,GSE228499,tumor,human,Unknown,GSE228499_breastHmCancer,scrna,32349,kept
GSE235787_bcellsALLHmCancer,GSE235787,tumor,human,Unknown,GSE235787_bcellsALLHmCancer,scrna,113495,kept
GSE247719_PanSci_05_Muscle_adata,GSE247719,muscle,mouse,Unknown,GSE247719_PanSci_05_Muscle_adata,scrna,696410,kept
GSE253355_bmNicheHm,GSE253355,other,human,Unknown,GSE253355_bmNicheHm,scrna,99846,kept
GSE255019_hematoMmAged,GSE255019,other,mouse,Unknown,GSE255019_hematoMmAged,scrna,22602,kept
GSE262288_breastMetasisHmCancer,GSE262288,tumor,human,Unknown,GSE262288_breastMetasisHmCancer,scrna,157518,kept
GSE275119_TeethMmDev,GSE275119,other,mouse,Unknown,GSE275119_TeethMmDev,scrna,6764,kept
GSE283205_hepatoblastomaCancer,GSE283205,tumor,human,Unknown,GSE283205_hepatoblastomaCancer,scrna,16506,kept
GSE98638_TcellLiverHmCancer,GSE98638,liver,human,Unknown,GSE98638_TcellLiverHmCancer,scrna,5063,kept
IRALL,GSE277292,other,human,Unknown,IRALL,scrna,41252,dropped_preprocessed
Myoblast_GSE52529,GSE52529,other,human,Unknown,Myoblast_GSE52529,scrna,372,dropped_preprocessed
bm_GSE120446,GSE120446,other,human,Unknown,bm_GSE120446,scrna,90653,kept
dentate,GSE95753,other,mouse,Unknown,dentate,scrna,18213,kept
endo,GSE132188,other,mouse,Unknown,endo,scrna,2531,kept
endo_GSE84133,GSE84133,other,human,Unknown,endo_GSE84133,scrna,8569,kept
hESC_GSE144024,GSE144024,stem_cell,human,Unknown,hESC_GSE144024,scrna,9485,kept
ifnHSPC_GSE226824,GSE226824,other,mouse,Unknown,ifnHSPC_GSE226824,scrna,13310,kept
lung,GSE141259,lung,mouse,Unknown,lung,scrna,24882,kept
setty,PRJEB37166,other,human,Unknown,setty,scrna,5780,kept
wtko0312,GSE278673,other,human,Unknown,wtko0312,scrna,10224,dropped_preprocessed
GSE174367_snATAC-seq_filtered_peak_bc_matrix,GSE174367,other,human,Unknown,GSE174367_snATAC-seq_filtered_peak_bc_matrix,scatac,143401,kept
GSE198730_aPSM_scATAC_rep1_filtered_peak_bc_matrix,GSE198730,other,mouse,Unknown,GSE198730_aPSM_scATAC_rep1_filtered_peak_bc_matrix,scatac,5010,kept
GSE198730_naive_ESC_scATAC_rep1_filtered_peak_bc_matrix,GSE198730,stem_cell,mouse,Unknown,GSE198730_naive_ESC_scATAC_rep1_filtered_peak_bc_matrix,scatac,5000,kept
GSE206767_filtered_peak_bc_matrix,GSE206767,other,human,Unknown,GSE206767_filtered_peak_bc_matrix,scatac,15259,kept
GSM5124061_PDX_390_vehicle_peak_bc_matrix,GSM5124061,PDX,human,Unknown,GSM5124061_PDX_390_vehicle_peak_bc_matrix,scatac,3350,kept
GSM5342787_scA_filtered_peak_bc_matrix,GSM5342787,other,human,Unknown,GSM5342787_scA_filtered_peak_bc_matrix,scatac,1202,kept
GSM5342788_scB_filtered_peak_bc_matrix,GSM5342788,other,human,Unknown,GSM5342788_scB_filtered_peak_bc_matrix,scatac,2633,kept
GSM5342789_scC_filtered_peak_bc_matrix,GSM5342789,other,human,Unknown,GSM5342789_scC_filtered_peak_bc_matrix,scatac,908,dropped_smallest
GSM5342790_scD_filtered_peak_bc_matrix,GSM5342790,other,human,Unknown,GSM5342790_scD_filtered_peak_bc_matrix,scatac,922,dropped_smallest
GSM5402770_P115L1mutP_filtered_peak_bc_matrix,GSM5402770,other,mouse,Unknown,GSM5402770_P115L1mutP_filtered_peak_bc_matrix,scatac,9495,kept
GSM5402771_NF_2-004_filtered_peak_bc_matrix,GSM5402771,other,human,Unknown,GSM5402771_NF_2-004_filtered_peak_bc_matrix,scatac,4745,kept
GSM5402772_MPNST_2-084_filtered_peak_bc_matrix,GSM5402772,other,human,Unknown,GSM5402772_MPNST_2-084_filtered_peak_bc_matrix,scatac,1658,kept
GSM5766892_d0-ctrl_filtered_peak_bc_matrix,GSM5766892,other,human,Unknown,GSM5766892_d0-ctrl_filtered_peak_bc_matrix,scatac,4901,kept
GSM5766893_d20-ctrl_filtered_peak_bc_matrix,GSM5766893,other,human,Unknown,GSM5766893_d20-ctrl_filtered_peak_bc_matrix,scatac,2847,kept
GSM5769453_WT_S_filtered_peak_bc_matrix,GSM5769453,other,zebrafish,Unknown,GSM5769453_WT_S_filtered_peak_bc_matrix,scatac,5264,kept
GSM5769454_WT_U_filtered_peak_bc_matrix,GSM5769454,other,zebrafish,Unknown,GSM5769454_WT_U_filtered_peak_bc_matrix,scatac,1535,kept
GSM5769456_DTR_S_filtered_peak_bc_matrix,GSM5769456,other,zebrafish,Unknown,GSM5769456_DTR_S_filtered_peak_bc_matrix,scatac,4320,kept
GSM5769460_Day5_DTR_S_filtered_peak_bc_matrix,GSM5769460,other,zebrafish,Unknown,GSM5769460_Day5_DTR_S_filtered_peak_bc_matrix,scatac,15982,kept
GSM5769461_Day5_DTR_U_filtered_peak_bc_matrix,GSM5769461,other,zebrafish,Unknown,GSM5769461_Day5_DTR_U_filtered_peak_bc_matrix,scatac,5409,kept
GSM5769462_Day7_DTR_S_filtered_peak_bc_matrix,GSM5769462,other,zebrafish,Unknown,GSM5769462_Day7_DTR_S_filtered_peak_bc_matrix,scatac,3267,kept
GSM5769463_Day7_DTR_U_filtered_peak_bc_matrix,GSM5769463,other,zebrafish,Unknown,GSM5769463_Day7_DTR_U_filtered_peak_bc_matrix,scatac,3187,kept
GSM5975165_Arm_d60_filtered_peak_bc_matrix,GSM5975165,other,mouse,Unknown,GSM5975165_Arm_d60_filtered_peak_bc_matrix,scatac,3805,kept
GSM5975166_Arm_d200_filtered_peak_bc_matrix,GSM5975166,other,mouse,Unknown,GSM5975166_Arm_d200_filtered_peak_bc_matrix,scatac,4007,kept
GSM6044072_1P_human_filtered_peak_bc_matrix,GSM6044072,other,human,Unknown,GSM6044072_1P_human_filtered_peak_bc_matrix,scatac,2775,kept
GSM6044073_2P_human_filtered_peak_bc_matrix,GSM6044073,other,human,Unknown,GSM6044073_2P_human_filtered_peak_bc_matrix,scatac,3268,kept
GSM6044074_4P_human_filtered_peak_bc_matrix,GSM6044074,other,human,Unknown,GSM6044074_4P_human_filtered_peak_bc_matrix,scatac,1178,kept
GSM6044075_1LM_human_filtered_peak_bc_matrix,GSM6044075,other,human,Unknown,GSM6044075_1LM_human_filtered_peak_bc_matrix,scatac,6617,kept
GSM6044076_2LM_human_filtered_peak_bc_matrix,GSM6044076,other,human,Unknown,GSM6044076_2LM_human_filtered_peak_bc_matrix,scatac,3329,kept
GSM6044077_4LM_human_filtered_peak_bc_matrix,GSM6044077,other,human,Unknown,GSM6044077_4LM_human_filtered_peak_bc_matrix,scatac,5280,kept
GSM6052781_E13,GSM6052781,other,mouse,Unknown,GSM6052781_E13,scatac,8016,kept
GSM6052782_E16,GSM6052782,other,mouse,Unknown,GSM6052782_E16,scatac,7714,kept
GSM6052783_P0_filtered_peak_bc_matrix,GSM6052783,other,mouse,Unknown,GSM6052783_P0_filtered_peak_bc_matrix,scatac,7896,kept
GSM6214533_1_CIEL_filtered_peak_bc_matrix,GSM6214533,other,mouse,Unknown,GSM6214533_1_CIEL_filtered_peak_bc_matrix,scatac,1459,kept
GSM6214534_2_CLPL_filtered_peak_bc_matrix,GSM6214534,other,mouse,Unknown,GSM6214534_2_CLPL_filtered_peak_bc_matrix,scatac,1869,kept
GSM6214535_4_SI_IEL_filtered_peak_bc_matrix,GSM6214535,other,mouse,Unknown,GSM6214535_4_SI_IEL_filtered_peak_bc_matrix,scatac,8253,kept
GSM6214536_6_SI_LPL_filtered_peak_bc_matrix,GSM6214536,other,mouse,Unknown,GSM6214536_6_SI_LPL_filtered_peak_bc_matrix,scatac,1458,kept
GSM6449878_NSCLC8_TIL_eTreg_scATAC_filtered_peak_bc_matrix,GSM6449878,other,human,Unknown,GSM6449878_NSCLC8_TIL_eTreg_scATAC_filtered_peak_bc_matrix,scatac,3179,kept
GSM6449879_NSCLC14_NormalLung_TregandCD8posT_scATAC_filtered_peak_bc_matrix,GSM6449879,lung,human,Unknown,GSM6449879_NSCLC14_NormalLung_TregandCD8posT_scATAC_filtered_peak_bc_matrix,scatac,2513,kept
GSM6449880_HD4_PBMC_eTreg_scATAC_filtered_peak_bc_matrix,GSM6449880,PBMC,human,Unknown,GSM6449880_HD4_PBMC_eTreg_scATAC_filtered_peak_bc_matrix,scatac,3303,kept
GSM6449881_HD4_CD4CD25posT_scATAC_filtered_peak_bc_matrix,GSM6449881,other,human,Unknown,GSM6449881_HD4_CD4CD25posT_scATAC_filtered_peak_bc_matrix,scatac,3473,kept
GSM6449882_HD4_PBMC_nTreg_scATAC_filtered_peak_bc_matrix,GSM6449882,PBMC,human,Unknown,GSM6449882_HD4_PBMC_nTreg_scATAC_filtered_peak_bc_matrix,scatac,2849,kept
GSM6449883_HD5_PBMC_nTreg_scATAC_filtered_peak_bc_matrix,GSM6449883,PBMC,human,Unknown,GSM6449883_HD5_PBMC_nTreg_scATAC_filtered_peak_bc_matrix,scatac,1166,kept
GSM6449884_HD6_PBMC_eTreg_filtered_peak_bc_matrix,GSM6449884,PBMC,human,Unknown,GSM6449884_HD6_PBMC_eTreg_filtered_peak_bc_matrix,scatac,687,dropped_smallest
GSM6449885_HD6_PBMC_CD4CD25posT_scATAC_filtered_peak_bc_matrix,GSM6449885,PBMC,human,Unknown,GSM6449885_HD6_PBMC_CD4CD25posT_scATAC_filtered_peak_bc_matrix,scatac,663,dropped_smallest
GSM6638254_filtered_peak_bc_matrix,GSM6638254,other,human,Unknown,GSM6638254_filtered_peak_bc_matrix,scatac,7990,kept
GSM6783751_d20-p100_filtered_peak_bc_matrix,GSM6783751,other,human,Unknown,GSM6783751_d20-p100_filtered_peak_bc_matrix,scatac,3084,kept
GSM6783752_d20-p200_filtered_peak_bc_matrix,GSM6783752,other,human,Unknown,GSM6783752_d20-p200_filtered_peak_bc_matrix,scatac,3722,kept
GSM7056609_HP_20210331_MONOS_filtered_peak_bc_matrix,GSM7056609,other,mouse,Unknown,GSM7056609_HP_20210331_MONOS_filtered_peak_bc_matrix,scatac,6654,kept
GSM7062446_Naive_filtered_peak_bc_matrix,GSM7062446,other,mouse,Unknown,GSM7062446_Naive_filtered_peak_bc_matrix,scatac,5171,kept
GSM7062447_D2_filtered_peak_bc_matrix,GSM7062447,other,mouse,Unknown,GSM7062447_D2_filtered_peak_bc_matrix,scatac,5764,kept
GSM7062448_D8-1_filtered_peak_bc_matrix,GSM7062448,other,mouse,Unknown,GSM7062448_D8-1_filtered_peak_bc_matrix,scatac,2510,kept
GSM7062449_D8-2_filtered_peak_bc_matrix,GSM7062449,other,mouse,Unknown,GSM7062449_D8-2_filtered_peak_bc_matrix,scatac,4379,kept
GSM7062450_D180_filtered_peak_bc_matrix,GSM7062450,other,mouse,Unknown,GSM7062450_D180_filtered_peak_bc_matrix,scatac,3693,kept
GSM7064214_19_D003_filtered_peak_bc_matrix,GSM7064214,other,human,Unknown,GSM7064214_19_D003_filtered_peak_bc_matrix,scatac,4112,kept
GSM7064215_19_D005_filtered_peak_bc_matrix,GSM7064215,other,human,Unknown,GSM7064215_19_D005_filtered_peak_bc_matrix,scatac,10545,kept
GSM7064216_19_D006_filtered_peak_bc_matrix,GSM7064216,other,human,Unknown,GSM7064216_19_D006_filtered_peak_bc_matrix,scatac,8905,kept
GSM7064217_19_D007_filtered_peak_bc_matrix,GSM7064217,other,human,Unknown,GSM7064217_19_D007_filtered_peak_bc_matrix,scatac,7102,kept
GSM7308367_Exp157DukeaBMTB_filtered_peak_bc_matrix,GSM7308367,other,human,Unknown,GSM7308367_Exp157DukeaBMTB_filtered_peak_bc_matrix,scatac,12773,kept
GSM7308369_Exp157DukeaBMTC_filtered_peak_bc_matrix,GSM7308369,other,human,Unknown,GSM7308369_Exp157DukeaBMTC_filtered_peak_bc_matrix,scatac,9302,kept
GSM7734290_Naive_filtered_peak_bc_matrix,GSM7734290,other,mouse,Unknown,GSM7734290_Naive_filtered_peak_bc_matrix,scatac,12883,kept
GSM7734291_D2_filtered_peak_bc_matrix,GSM7734291,other,mouse,Unknown,GSM7734291_D2_filtered_peak_bc_matrix,scatac,15709,kept
GSM7734292_D8_filtered_peak_bc_matrix,GSM7734292,other,mouse,Unknown,GSM7734292_D8_filtered_peak_bc_matrix,scatac,13313,kept
GSM7734711_MGH227_filtered_peak_bc_matrix,GSM7734711,other,human,Unknown,GSM7734711_MGH227_filtered_peak_bc_matrix,scatac,1992,kept
GSM7734712_MGH230_filtered_peak_bc_matrix,GSM7734712,other,human,Unknown,GSM7734712_MGH230_filtered_peak_bc_matrix,scatac,7028,kept
GSM7734713_MGH231_filtered_peak_bc_matrix,GSM7734713,other,human,Unknown,GSM7734713_MGH231_filtered_peak_bc_matrix,scatac,3720,kept
GSM7734714_MGH232_filtered_peak_bc_matrix,GSM7734714,other,human,Unknown,GSM7734714_MGH232_filtered_peak_bc_matrix,scatac,2496,kept
GSM7734715_MGH234_filtered_peak_bc_matrix,GSM7734715,other,human,Unknown,GSM7734715_MGH234_filtered_peak_bc_matrix,scatac,6357,kept
GSM7734716_MGH236_filtered_peak_bc_matrix,GSM7734716,other,human,Unknown,GSM7734716_MGH236_filtered_peak_bc_matrix,scatac,5754,kept
GSM7734717_MGH239_filtered_peak_bc_matrix,GSM7734717,other,human,Unknown,GSM7734717_MGH239_filtered_peak_bc_matrix,scatac,2981,kept
GSM7777060_CTRL_filtered_peak_bc_matrix,GSM7777060,other,human,Unknown,GSM7777060_CTRL_filtered_peak_bc_matrix,scatac,5814,kept
GSM7777061_2DG_filtered_peak_bc_matrix,GSM7777061,other,human,Unknown,GSM7777061_2DG_filtered_peak_bc_matrix,scatac,4074,kept
GSM7777062_DON_filtered_peak_bc_matrix,GSM7777062,other,human,Unknown,GSM7777062_DON_filtered_peak_bc_matrix,scatac,6433,kept
GSM7777063_AOA_filtered_peak_bc_matrix,GSM7777063,other,human,Unknown,GSM7777063_AOA_filtered_peak_bc_matrix,scatac,6819,kept
GSM7884540_D013_13_lobe_atac_filtered_peak_bc_matrix,GSM7884540,other,human,Unknown,GSM7884540_D013_13_lobe_atac_filtered_peak_bc_matrix,scatac,5876,kept
GSM7884541_D027_13_lobe_atac_filtered_peak_bc_matrix,GSM7884541,other,human,Unknown,GSM7884541_D027_13_lobe_atac_filtered_peak_bc_matrix,scatac,9868,kept
GSM7884543_D030_13_macular_atac_filtered_peak_bc_matrix,GSM7884543,other,human,Unknown,GSM7884543_D030_13_macular_atac_filtered_peak_bc_matrix,scatac,9640,kept
GSM7884545_D021_13_lobe_atac_filtered_peak_bc_matrix,GSM7884545,other,human,Unknown,GSM7884545_D021_13_lobe_atac_filtered_peak_bc_matrix,scatac,7682,kept
GSM7884549_D009_13_lobe_atac_filtered_peak_bc_matrix,GSM7884549,other,human,Unknown,GSM7884549_D009_13_lobe_atac_filtered_peak_bc_matrix,scatac,9041,kept
GSM7884550_D005_13_lobe_atac_filtered_peak_bc_matrix,GSM7884550,other,human,Unknown,GSM7884550_D005_13_lobe_atac_filtered_peak_bc_matrix,scatac,6390,kept
GSM8008841_vcap_d_filtered_peak_bc_matrix,GSM8008841,other,human,Unknown,GSM8008841_vcap_d_filtered_peak_bc_matrix,scatac,1077,kept
GSM8008842_vcap_enz_filtered_peak_bc_matrix,GSM8008842,other,human,Unknown,GSM8008842_vcap_enz_filtered_peak_bc_matrix,scatac,497,dropped_smallest
GSM8008843_vcap16_filtered_peak_bc_matrix,GSM8008843,other,human,Unknown,GSM8008843_vcap16_filtered_peak_bc_matrix,scatac,859,dropped_smallest
GSM8248668_4WKs_LN_neg_filtered_peak_bc_matrix,GSM8248668,other,unknown,Unknown,GSM8248668_4WKs_LN_neg_filtered_peak_bc_matrix,scatac,3134,dropped_unverifiable_orphan_gsm
GSM8248669_8WKs_NegBCG_filtered_peak_bc_matrix,GSM8248669,other,unknown,Unknown,GSM8248669_8WKs_NegBCG_filtered_peak_bc_matrix,scatac,4196,dropped_unverifiable_orphan_gsm
GSM8248670_8WKs_PosBCG_filtered_peak_bc_matrix,GSM8248670,other,unknown,Unknown,GSM8248670_8WKs_PosBCG_filtered_peak_bc_matrix,scatac,6718,dropped_unverifiable_orphan_gsm
GSM8248671_KKH95_filtered_peak_bc_matrix,GSM8248671,other,unknown,Unknown,GSM8248671_KKH95_filtered_peak_bc_matrix,scatac,1446,dropped_unverifiable_orphan_gsm
GSM8248672_370_neg_BCG_8wk_filtered_peak_bc_matrix,GSM8248672,other,unknown,Unknown,GSM8248672_370_neg_BCG_8wk_filtered_peak_bc_matrix,scatac,3020,dropped_unverifiable_orphan_gsm
GSM8248673_374_AS01_8wk_filtered_peak_bc_matrix,GSM8248673,other,unknown,Unknown,GSM8248673_374_AS01_8wk_filtered_peak_bc_matrix,scatac,4802,dropped_unverifiable_orphan_gsm
GSM8248674_373_pos_BCG_8wk_filtered_peak_bc_matrix,GSM8248674,other,unknown,Unknown,GSM8248674_373_pos_BCG_8wk_filtered_peak_bc_matrix,scatac,2764,dropped_unverifiable_orphan_gsm
GSM8248675_372_neg_BCG_16wk_filtered_peak_bc_matrix,GSM8248675,other,unknown,Unknown,GSM8248675_372_neg_BCG_16wk_filtered_peak_bc_matrix,scatac,3361,dropped_unverifiable_orphan_gsm
GSM8248676_376_AS01_16wk_filtered_peak_bc_matrix,GSM8248676,other,unknown,Unknown,GSM8248676_376_AS01_16wk_filtered_peak_bc_matrix,scatac,2164,dropped_unverifiable_orphan_gsm
GSM8397466_WT1_filtered_peak_bc_matrix,GSM8397466,other,mouse,Unknown,GSM8397466_WT1_filtered_peak_bc_matrix,scatac,18157,kept
GSM8397467_WT2_filtered_peak_bc_matrix,GSM8397467,other,mouse,Unknown,GSM8397467_WT2_filtered_peak_bc_matrix,scatac,4207,kept
GSM8462143_AL05_ATAC_filtered_peak_bc_matrix,GSM8462143,other,human,Unknown,GSM8462143_AL05_ATAC_filtered_peak_bc_matrix,scatac,8872,kept
GSM8462144_AL08_ATAC_filtered_peak_bc_matrix,GSM8462144,other,human,Unknown,GSM8462144_AL08_ATAC_filtered_peak_bc_matrix,scatac,4116,kept
GSM8462145_AL10_ATAC_filtered_peak_bc_matrix,GSM8462145,other,human,Unknown,GSM8462145_AL10_ATAC_filtered_peak_bc_matrix,scatac,8389,kept
GSM8462146_AL11_ATAC_filtered_peak_bc_matrix,GSM8462146,other,human,Unknown,GSM8462146_AL11_ATAC_filtered_peak_bc_matrix,scatac,2075,kept
GSM8462147_AL12_ATAC_filtered_peak_bc_matrix,GSM8462147,other,human,Unknown,GSM8462147_AL12_ATAC_filtered_peak_bc_matrix,scatac,5048,kept
GSM8517035_scATAC_P28_Dlx_ALM_rep1_filtered_peak_bc_matrix,GSM8517035,other,mouse,Unknown,GSM8517035_scATAC_P28_Dlx_ALM_rep1_filtered_peak_bc_matrix,scatac,4425,kept
GSM8546124_Control_filtered_peak_bc_matrix,GSM8546124,other,mouse,Unknown,GSM8546124_Control_filtered_peak_bc_matrix,scatac,9531,kept
GSM8546125_BLM_filtered_peak_bc_matrix,GSM8546125,other,mouse,Unknown,GSM8546125_BLM_filtered_peak_bc_matrix,scatac,10772,kept
GSM8685152_TK64_filtered_feature_bc_matrix,GSM8685152,other,mouse,Unknown,GSM8685152_TK64_filtered_feature_bc_matrix,scatac,27166,kept
GSM8685155_TKX_filtered_feature_bc_matrix,GSM8685155,other,mouse,Unknown,GSM8685155_TKX_filtered_feature_bc_matrix,scatac,16236,kept
GSM8685177_TKC7_filtered_feature_bc_matrix,GSM8685177,other,mouse,Unknown,GSM8685177_TKC7_filtered_feature_bc_matrix,scatac,22409,kept
GSM8729707_filtered_peak_bc_matrix_cellrangerGenome,GSM8729707,other,human,Unknown,GSM8729707_filtered_peak_bc_matrix_cellrangerGenome,scatac,7934,kept
GSM8852347_MH_07_042_M2_filtered_peak_bc_matrix,GSM8852347,other,human,Unknown,GSM8852347_MH_07_042_M2_filtered_peak_bc_matrix,scatac,3147,kept
GSM8852348_MH_13-084-D12_filtered_feature_bc_matrix,GSM8852348,other,human,Unknown,GSM8852348_MH_13-084-D12_filtered_feature_bc_matrix,scatac,9865,kept
GSM8852349_MH_13_084_D13_filtered_peak_bc_matrix,GSM8852349,other,human,Unknown,GSM8852349_MH_13_084_D13_filtered_peak_bc_matrix,scatac,16176,kept
GSM8900548_sample1_ATAC_filtered_peak_bc_matrix,GSM8900548,other,mouse,Unknown,GSM8900548_sample1_ATAC_filtered_peak_bc_matrix,scatac,20005,kept
GSM8900549_sample2_ATAC_filtered_peak_bc_matrix,GSM8900549,other,mouse,Unknown,GSM8900549_sample2_ATAC_filtered_peak_bc_matrix,scatac,16778,kept
GSM8900550_sample3_ATAC_filtered_peak_bc_matrix,GSM8900550,other,mouse,Unknown,GSM8900550_sample3_ATAC_filtered_peak_bc_matrix,scatac,15701,kept
GSM8900551_sample4_ATAC_filtered_peak_bc_matrix,GSM8900551,other,mouse,Unknown,GSM8900551_sample4_ATAC_filtered_peak_bc_matrix,scatac,20020,kept
GSM8900552_sample5_ATAC_filtered_peak_bc_matrix,GSM8900552,other,mouse,Unknown,GSM8900552_sample5_ATAC_filtered_peak_bc_matrix,scatac,9382,kept
GSM8900553_sample6_ATAC_filtered_peak_bc_matrix,GSM8900553,other,mouse,Unknown,GSM8900553_sample6_ATAC_filtered_peak_bc_matrix,scatac,14346,kept
GSM8997246_Sample1_filtered_peak_bc_matrix,GSM8997246,other,human,Unknown,GSM8997246_Sample1_filtered_peak_bc_matrix,scatac,9346,kept
GSE185538_new,GSE185538,embryo,rat,geo,GEO cellranger download (24573 cells),scrna,24573,kept
GSE130430_new,GSE130430,bone_marrow,human,geo,GEO cellranger download (886 cells),scrna,886,kept
GSE155249_new,GSE155249,breast,human,geo,GEO cellranger download (3595 cells),scrna,3595,kept
GSE205506_new,GSE205506,neuro,human,geo,GEO cellranger download (1666 cells),scrna,1666,kept
GSE139324_new,GSE139324,hnscc,human,geo,GEO cellranger download (1725 cells),scrna,1725,kept
GSE167118_new,GSE167118,brain,human,geo,GEO cellranger download (3273 cells),scrna,3273,kept
GSE162454_new,GSE162454,liver,human,geo,GEO cellranger download (8894 cells),scrna,8894,kept
GSE145926_new,GSE145926,balf,human,geo,GEO cellranger download (6249 cells),scrna,6249,kept
GSE166635_new,GSE166635,brain,human,geo,GEO cellranger download (16077 cells),scrna,16077,kept
GSE163558_new,GSE163558,stomach,human,geo,GEO cellranger download (2866 cells),scrna,2866,kept
GSE164378_new,GSE164378,pbmc,human,geo,GEO cellranger download (161764 cells),scrna,161764,kept
GSE149689_new,GSE149689,blood,human,geo,GEO cellranger download (85144 cells),scrna,85144,kept
GSE151530_new,GSE151530,liver,human,geo,GEO cellranger download (56721 cells),scrna,56721,kept
GSE158803_new,GSE158803,neural,human,geo,GEO cellranger download (1092 cells),scrna,1092,kept
GSE163484_new,GSE163484,brain,mouse,geo,GEO cellranger download (8203 cells),scrna,8203,kept
GSE175814_new,GSE175814,lung,human,geo,GEO cellranger download (6223 cells),scrna,6223,kept
GSE181061_new,GSE181061,kidney,human,geo,GEO cellranger download (108421 cells),scrna,108421,kept
GSE186344_new,GSE186344,bladder,human,geo,GEO cellranger download (2228 cells),scrna,2228,kept
GSE197177_new,GSE197177,gut,human,geo,GEO cellranger download (21560 cells),scrna,21560,kept
GSE213337_new,GSE213337,pancreas,mouse,geo,GEO cellranger download (8631 cells),scrna,8631,kept
GSE235063_new,GSE235063,thymus,human,geo,GEO cellranger download (6757 cells),scrna,6757,kept
GSE139555_new,GSE139555,tcell,human,geo,GEO cellranger (7462 cells),scrna,7462,kept
GSE149655_new,GSE149655,airway,human,geo,GEO cellranger (4397 cells),scrna,4397,kept
GSE154778_new,GSE154778,pancreas,human,geo,GEO cellranger (585 cells),scrna,585,kept
GSE181388_new,GSE181388,muscle,human,geo,GEO cellranger (22157 cells),scrna,22157,kept
GSE188676_new,GSE188676,retina,mouse,geo,GEO cellranger (22360 cells),scrna,22360,kept
GSE125449_new,GSE125449,liver,human,geo,GEO cellranger (5115 cells),scrna,5115,kept
GSE128033_new,GSE128033,immune,human,geo,GEO cellranger (737280 cells),scrna,737280,kept
GSE138794_new,GSE138794,brain,human,geo,GEO cellranger (2888 cells),scrna,2888,kept
GSE159519_new,GSE159519,lung,human,geo,GEO cellranger (13229 cells),scrna,13229,kept
GSE161277_new,GSE161277,kidney,human,geo,GEO cellranger (2947 cells),scrna,2947,kept
GSE173193_new,GSE173193,adipose,human,geo,GEO cellranger (7829 cells),scrna,7829,kept
GSE190604_new,GSE190604,ovary,human,geo,GEO cellranger (103805 cells),scrna,103805,kept
GSE120926_new,GSE120926,unknown,human,geo,GEO cellranger (102525 cells),scrna,102525,kept
GSE189357_new,GSE189357,colon,human,geo,GEO cellranger (15216 cells),scrna,15216,kept
GSE208074_new,GSE208074,unknown,human,geo,GEO cellranger (8048 cells),scrna,8048,kept
GSE220297_new,GSE220297,unknown,pig,geo,GEO cellranger (9721 cells),scrna,9721,kept
GSE220840_new,GSE220840,unknown,human,geo,GEO cellranger (4913 cells),scrna,4913,kept
GSE260778_new,GSE260778,unknown,human,geo,GEO cellranger (3842 cells),scrna,3842,kept
GSE264586_new,GSE264586,unknown,human,geo,GEO cellranger (13254 cells),scrna,13254,kept
GSE270891_new,GSE270891,unknown,human,geo,GEO cellranger (8920 cells),scrna,8920,kept
GSE273423_new,GSE273423,unknown,human,geo,GEO cellranger (7226 cells),scrna,7226,kept
GSE274905_new,GSE274905,unknown,human,geo,GEO cellranger (30634 cells),scrna,30634,kept
GSE279264_new,GSE279264,unknown,human,geo,GEO cellranger (12071 cells),scrna,12071,kept
GSE279958_new,GSE279958,unknown,human,geo,GEO cellranger (1935344 cells),scrna,1935344,dropped_atlas_scale
GSE280258_new,GSE280258,unknown,human,geo,GEO cellranger (11104 cells),scrna,11104,kept
GSE280767_new,GSE280767,unknown,human,geo,GEO cellranger (11645 cells),scrna,11645,kept
GSE283554_new,GSE283554,unknown,human,geo,GEO cellranger (6119 cells),scrna,6119,kept
GSE193807_new,GSE193807,unknown,human,geo,GEO cellranger (8647 cells),scrna,8647,kept
GSE216673_new,GSE216673,unknown,human,geo,GEO cellranger (13867 cells),scrna,13867,kept
GSE232938_new,GSE232938,unknown,human,geo,GEO cellranger (13070 cells),scrna,13070,kept
GSE253936_new,GSE253936,unknown,human,geo,GEO cellranger (3267 cells),scrna,3267,kept
GSE263194_new,GSE263194,unknown,human,geo,GEO cellranger (1786407 cells),scrna,1786407,dropped_atlas_scale
GSE272457_new,GSE272457,unknown,human,geo,GEO cellranger (8265 cells),scrna,8265,kept
