filename_key,modality,GSE,gse_extract,tissue,species_corrected,geo_organism,cell_count,description,geo_title,geo_submission_date,geo_pubmed_id,geo_source_name,scrna_geo_source,local_h5ad_path
GSE115571_LPSMmDev,scrna,GSE115571,GSE115571,other,mouse,Mus musculus,19998,GSE115571_LPSMmDev,Single-cell transcriptomics reveals distinct microglia signatures under inflammation,Jun 11 2018,30206190; 39014482,microglia isolated from saline control mice,https://www.ncbi.nlm.nih.gov/geo/query/acc.cgi?acc=GSE115571,workspace/data/scrna/GSE115571_LPSMmDev.h5ad
GSE117988_MCCPBMCCancer,scrna,GSE117988,GSE117988,PBMC,human,Homo sapiens,12874,GSE117988_MCCPBMCCancer,scRNAseq reveals mechanisms of Merkel cell carcinoma acquired immunotherapy resistance [1],Aug 01 2018,30250229,Tumor,https://www.ncbi.nlm.nih.gov/geo/query/acc.cgi?acc=GSE117988,workspace/data/scrna/GSE117988_MCCPBMCCancer.h5ad
GSE120505_bloodAged,scrna,GSE120505,GSE120505,blood,mouse,Mus musculus,14588,GSE120505_bloodAged,Single-cell RNA seq of aging peripheral blood,Sep 26 2018,36622281,peripheral blood,https://www.ncbi.nlm.nih.gov/geo/query/acc.cgi?acc=GSE120505,workspace/data/scrna/GSE120505_bloodAged.h5ad
GSE123813_bccHmCancer,scrna,GSE123813,GSE123813,tumor,human,Homo sapiens,53030,GSE123813_bccHmCancer,Clonal replacement of tumor-specific T cells following PD-1 blockade [single cells],Dec 13 2018,31359002,Basal cell carinoma tumor,https://www.ncbi.nlm.nih.gov/geo/query/acc.cgi?acc=GSE123813,workspace/data/scrna/GSE123813_bccHmCancer.h5ad
GSE123902_LungAdreHmCancer,scrna,GSE123902,GSE123902,lung,human,Homo sapiens,42847,GSE123902_LungAdreHmCancer,The single cell transcriptional landscape of human lung adenocarcinoma (primary tumours and metastases),Dec 16 2018,32042191,Patient primary lung adenocarcinoma,https://www.ncbi.nlm.nih.gov/geo/query/acc.cgi?acc=GSE123902,workspace/data/scrna/GSE123902_LungAdreHmCancer.h5ad
GSE124310_MMHmCancer,scrna,GSE124310,GSE124310,tumor,human,Homo sapiens,27796,GSE124310_MMHmCancer,Single-cell RNA sequencing reveals compromised immune microenvironment in precursor stages of multiple myeloma,Dec 23 2018,33409501,Bone Marrow,https://www.ncbi.nlm.nih.gov/geo/query/acc.cgi?acc=GSE124310,workspace/data/scrna/GSE124310_MMHmCancer.h5ad
GSE130148_LungHmDev,scrna,GSE130148,GSE130148,lung,human,Homo sapiens,10360,GSE130148_LungHmDev,Single cell RNA sequencing analysis of fresh resected human lung tissue,Apr 22 2019,31209336,Parenchymal lung tissue,https://www.ncbi.nlm.nih.gov/geo/query/acc.cgi?acc=GSE130148,workspace/data/scrna/GSE130148_LungHmDev.h5ad
GSE130646_muscleHm,scrna,GSE130646,GSE130646,muscle,human,Homo sapiens,2876,GSE130646_muscleHm,Single-cell transcriptional profiles in human skeletal muscle,May 02 2019,31937892,Vastus Lateralis Biopsy Mononuclear Cells,https://www.ncbi.nlm.nih.gov/geo/query/acc.cgi?acc=GSE130646,workspace/data/scrna/GSE130646_muscleHm.h5ad
GSE132509_acutelymluekPBMCHmCancer,scrna,GSE132509,GSE132509,PBMC,human,Homo sapiens,39375,GSE132509_acutelymluekPBMCHmCancer,Single-cell analysis of childhood leukemia reveals a link between developmental states and ribosomal protein expression as a source of intra-individual heterogeneity,Jun 10 2019,32415257,ETV6-RUNX1,https://www.ncbi.nlm.nih.gov/geo/query/acc.cgi?acc=GSE132509,workspace/data/scrna/GSE132509_acutelymluekPBMCHmCancer.h5ad
GSE138709_LiverCancer,scrna,GSE138709,GSE138709,liver,human,Homo sapiens,33991,GSE138709_LiverCancer,Dissecting the transcriptomic landscape of the human intrahepatic cholangiocarcinoma by single cell RNA-sequencing,Oct 10 2019,,adjacent,https://www.ncbi.nlm.nih.gov/geo/query/acc.cgi?acc=GSE138709,workspace/data/scrna/GSE138709_LiverCancer.h5ad
GSE142653pitHmDev,scrna,GSE142653,GSE142653,other,human,Homo sapiens,5181,GSE142653pitHmDev,Single-cell Transcriptomics Reveals the Divergent Developmental Lineage Trajectories during Human Pituitary Development,Dec 27 2019,33077725; 36754052,fetal pituitary cells,https://www.ncbi.nlm.nih.gov/geo/query/acc.cgi?acc=GSE142653,workspace/data/scrna/GSE142653pitHmDev.h5ad
GSE143423_lbm_CancerBrainHm,scrna,GSE143423,GSE143423,brain,human,Homo sapiens,12196,GSE143423_lbm_CancerBrainHm,Single-Cell Map of Diverse Immune Phenotypes in the Metastatic Brain Tumor Microenvironment of Non Small Cell Lung Cancer and triple negative breast cancer,Jan 10 2020,39311908,brain,https://www.ncbi.nlm.nih.gov/geo/query/acc.cgi?acc=GSE143423,workspace/data/scrna/GSE143423_lbm_CancerBrainHm.h5ad
GSE145929_ProgastinMmDev,scrna,GSE145929,GSE145929,other,mouse,Mus musculus,61014,GSE145929_ProgastinMmDev,Single-cell RNA-sequencing of adult mouse lower urinary tracts,Feb 25 2020,32497356,Viable mouse prostate,https://www.ncbi.nlm.nih.gov/geo/query/acc.cgi?acc=GSE145929,workspace/data/scrna/GSE145929_ProgastinMmDev.h5ad
GSE148215_hESCHSPCD8Hm,scrna,GSE148215,GSE148215,stem_cell,human,Homo sapiens,10110,GSE148215_hESCHSPCD8Hm,Characterization and generation of human definitive multipotent hematopoietic stem/progenitor cells,Apr 07 2020,33298886,human embryonic cells,https://www.ncbi.nlm.nih.gov/geo/query/acc.cgi?acc=GSE148215,workspace/data/scrna/GSE148215_hESCHSPCD8Hm.h5ad
GSE148218_bmALLHmCancer,scrna,GSE148218,GSE148218,tumor,human,Homo sapiens,50747,GSE148218_bmALLHmCancer,Single cell characterization of arrested B-lymphoid differentiation and leukemic cell states in ETV6-RUNX1-positive pediatric leukemia,Apr 07 2020,33218352,Primary pre-B-ALL BM,https://www.ncbi.nlm.nih.gov/geo/query/acc.cgi?acc=GSE148218,workspace/data/scrna/GSE148218_bmALLHmCancer.h5ad
GSE149655_CAHmCancer,scrna,GSE149655,GSE149655,tumor,human,Homo sapiens,13060,GSE149655_CAHmCancer,Single cell RNAseq of human early stage lung adenocarcinoma with activating somatic KRAS mutations and associated normal lung tissues reveals alterations of key gene expression in alveolar type II pneumocytes,Apr 30 2020,32891189,lung distal normal tissue from patient 01,https://www.ncbi.nlm.nih.gov/geo/query/acc.cgi?acc=GSE149655,workspace/data/scrna/GSE149655_CAHmCancer.h5ad
GSE155109_bcECHmCancer,scrna,GSE155109,GSE155109,tumor,human,Homo sapiens,8433,GSE155109_bcECHmCancer,Single cell atlas identifies lipid-processing and immunomodulatory endothelial cells in healthy and malignant breast,Jul 24 2020,36127427,breast_1z,https://www.ncbi.nlm.nih.gov/geo/query/acc.cgi?acc=GSE155109,workspace/data/scrna/GSE155109_bcECHmCancer.h5ad
GSE165784_RetinaHmDev,scrna,GSE165784,GSE165784,retina,human,Homo sapiens,11492,GSE165784_RetinaHmDev,Single-cell RNA-sequencing reveals the heterogeneity of microglia in fibrous membrane derived from proliferative diabetic retinopathy and proliferative vitreoretinopathy,Jan 29 2021,35061025,Fibrous membrane_PVR,https://www.ncbi.nlm.nih.gov/geo/query/acc.cgi?acc=GSE165784,workspace/data/scrna/GSE165784_RetinaHmDev.h5ad
GSE165844_LSKMmBatch,scrna,GSE165844,GSE165844,other,mouse,Mus musculus,19791,GSE165844_LSKMmBatch,External signals regulate continuous transcriptional states in hematopoietic stem cells,Jan 30 2021,34939923,FACS sorted bone marrow,https://www.ncbi.nlm.nih.gov/geo/query/acc.cgi?acc=GSE165844,workspace/data/scrna/GSE165844_LSKMmBatch.h5ad
GSE167597_spineMm,scrna,GSE167597,GSE167597,other,mouse,Mus musculus,16042,GSE167597_spineMm,Single nucleus RNA-sequencing defines unexpected diversity of cholinergic neuron types in the adult mouse spinal cord,Feb 26 2021,37559423,Cervical spinal cord,https://www.ncbi.nlm.nih.gov/geo/query/acc.cgi?acc=GSE167597,workspace/data/scrna/GSE167597_spineMm.h5ad
GSE168181_BreastHmCancer,scrna,GSE168181,GSE168181,tumor,mouse,Mus musculus,23556,GSE168181_BreastHmCancer,Single-cell sequencing reveals cancer cell heterogeneity in a murine breast cancer lymph node metastasis model,Mar 03 2021,37341991,inguinal lymph node,https://www.ncbi.nlm.nih.gov/geo/query/acc.cgi?acc=GSE168181,workspace/data/scrna/GSE168181_BreastHmCancer.h5ad
GSE183904_GastricHmCancer,scrna,GSE183904,GSE183904,tumor,human,Homo sapiens,62035,GSE183904_GastricHmCancer,"Single-cell atlas of lineage states, tumor microenvironment and subtype specific expression programs in gastric cancer",Sep 10 2021,34642171,Stomach,https://www.ncbi.nlm.nih.gov/geo/query/acc.cgi?acc=GSE183904,workspace/data/scrna/GSE183904_GastricHmCancer.h5ad
GSE189070_astrocytesSCIMmDev,scrna,GSE189070,GSE189070,other,mouse,Mus musculus,103446,GSE189070_astrocytesSCIMmDev,Heterogeneity analysis of astrocytes following spinal cord injury at single-cell resolution,Nov 18 2021,35816276,uninjured spinal cord  tissue,https://www.ncbi.nlm.nih.gov/geo/query/acc.cgi?acc=GSE189070,workspace/data/scrna/GSE189070_astrocytesSCIMmDev.h5ad
GSE189357_lungAdreHmCancer,scrna,GSE189357,GSE189357,lung,human,Homo sapiens,45938,GSE189357_lungAdreHmCancer,Spatiotemporal transcriptional atlas of lung adenocarcinoma from adenocarcinoma in situ to invasive carcinoma [scRNA-seq],Nov 22 2021,36434043,Lung adenocarcinoma,https://www.ncbi.nlm.nih.gov/geo/query/acc.cgi?acc=GSE189357,workspace/data/scrna/GSE189357_lungAdreHmCancer.h5ad
GSE192857_hESCHmTimes,scrna,GSE192857,GSE192857,stem_cell,human,Homo sapiens,11067,GSE192857_hESCHmTimes,Gene expression analysis of hESCs undergoing neuronal differentiation [scRNA-seq],Dec 31 2021,36304110; 37731623,"HS360, day 0, hESCs undifferentiated",https://www.ncbi.nlm.nih.gov/geo/query/acc.cgi?acc=GSE192857,workspace/data/scrna/GSE192857_hESCHmTimes.h5ad
GSE213740_ADHm,scrna,GSE213740,GSE213740,other,human,Homo sapiens,23871,GSE213740_ADHm,Single-Cell RNA-Seq Analysis Reveals Macrophage Involved in Pathogenesis of Human sporadic type A aortic dissection,Sep 20 2022,36830768,Ascending aortic wall tissue,https://www.ncbi.nlm.nih.gov/geo/query/acc.cgi?acc=GSE213740,workspace/data/scrna/GSE213740_ADHm.h5ad
GSE222002_TcellsHmCancer,scrna,GSE222002,GSE222002,tumor,mouse,Mus musculus,78315,GSE222002_TcellsHmCancer,Targeting tumor cells toward the antigenic specificity of bystander T cells in tumor microenvironment potentiates cancer immunotherapy,Jan 02 2023,38609488,TME,https://www.ncbi.nlm.nih.gov/geo/query/acc.cgi?acc=GSE222002,workspace/data/scrna/GSE222002_TcellsHmCancer.h5ad
GSE222369_NKsLymphomaHmCancer,scrna,GSE222369,GSE222369,tumor,human,Homo sapiens,138805,GSE222369_NKsLymphomaHmCancer,Nicotinamide enhances natural killer cell function and yields remissions in patients with non-Hodgkin lymphoma,Jan 07 2023,37467318,blood,https://www.ncbi.nlm.nih.gov/geo/query/acc.cgi?acc=GSE222369,workspace/data/scrna/GSE222369_NKsLymphomaHmCancer.h5ad
GSE225600_breast_CancerHm,scrna,GSE225600,GSE225600,tumor,human,Homo sapiens,81683,GSE225600_breast_CancerHm,Single-cell profiling and spatial transcriptome of primary tumors and paired metastatic lymph nodes in breast cancer patients,Feb 19 2023,36594618,human breast cancer,https://www.ncbi.nlm.nih.gov/geo/query/acc.cgi?acc=GSE225600,workspace/data/scrna/GSE225600_breast_CancerHm.h5ad
GSE225857_liverColonMetasisHmCancer,scrna,GSE225857,GSE225857,liver,human,Homo sapiens,22260,GSE225857_liverColonMetasisHmCancer,Single-cell and spatial transcriptome analysis reveals the cellular heterogeneity of liver metastatic colorectal cancer,Feb 22 2023,37327339,colorectal and liver tissues,https://www.ncbi.nlm.nih.gov/geo/query/acc.cgi?acc=GSE225857,workspace/data/scrna/GSE225857_liverColonMetasisHmCancer.h5ad
GSE226131_HSCMmAged,scrna,GSE226131,GSE226131,other,mouse,Mus musculus,15793,GSE226131_HSCMmAged,Single-cell RNA sequencing of hematopoietic stem and progenitor cells from young and aged mice,Feb 26 2023,37069150,Bone Marrow,https://www.ncbi.nlm.nih.gov/geo/query/acc.cgi?acc=GSE226131,workspace/data/scrna/GSE226131_HSCMmAged.h5ad
GSE228499_breastHmCancer,scrna,GSE228499,GSE228499,tumor,human,Homo sapiens,32349,GSE228499_breastHmCancer,Single cell RNA sequencing of primary breast cancer,Mar 29 2023,38892065,primary breast cancer,https://www.ncbi.nlm.nih.gov/geo/query/acc.cgi?acc=GSE228499,workspace/data/scrna/GSE228499_breastHmCancer.h5ad
GSE235787_bcellsALLHmCancer,scrna,GSE235787,GSE235787,tumor,human,Homo sapiens,113495,GSE235787_bcellsALLHmCancer,Single-cell network pharmacology predicts total therapies targeting multiple developmental clones in B-cell acute lymphoblastic leukemia,Jun 26 2023,38593781,Peripheral blood,https://www.ncbi.nlm.nih.gov/geo/query/acc.cgi?acc=GSE235787,workspace/data/scrna/GSE235787_bcellsALLHmCancer.h5ad
GSE247719_PanSci_05_Muscle_adata,scrna,GSE247719,GSE247719,muscle,mouse,Mus musculus,696410,GSE247719_PanSci_05_Muscle_adata,A Panoramic View of Cell Population Dynamics in Mammalian Aging,Nov 14 2023,39607904,kidney,https://www.ncbi.nlm.nih.gov/geo/query/acc.cgi?acc=GSE247719,workspace/data/scrna/GSE247719_PanSci_05_Muscle_adata.h5ad
GSE253355_bmNicheHm,scrna,GSE253355,GSE253355,other,human,Homo sapiens,99846,GSE253355_bmNicheHm,Mapping the Cellular Biogeography of Human Bone Marrow Niches Using Single-Cell Transcriptomics,Jan 16 2024,38714197,Bone marrow,https://www.ncbi.nlm.nih.gov/geo/query/acc.cgi?acc=GSE253355,workspace/data/scrna/GSE253355_bmNicheHm.h5ad
GSE255019_hematoMmAged,scrna,GSE255019,GSE255019,other,mouse,Mus musculus,22602,GSE255019_hematoMmAged,An age specific platelet differentiation path from hematopoietic stem cells causes thrombocytosis and exacerbated thrombosis,Feb 04 2024,38749423; 40987296,Bone Marrow,https://www.ncbi.nlm.nih.gov/geo/query/acc.cgi?acc=GSE255019,workspace/data/scrna/GSE255019_hematoMmAged.h5ad
GSE262288_breastMetasisHmCancer,scrna,GSE262288,GSE262288,tumor,human,Homo sapiens,157518,GSE262288_breastMetasisHmCancer,Single-Cell RNA Sequencing Identifies Molecular Biomarkers Predicting Response to CDK4/6 Inhibition in Metastatic HR+/HER2- Breast Cancer,Mar 22 2024,39955556,Pleural effusion,https://www.ncbi.nlm.nih.gov/geo/query/acc.cgi?acc=GSE262288,workspace/data/scrna/GSE262288_breastMetasisHmCancer.h5ad
GSE275119_TeethMmDev,scrna,GSE275119,GSE275119,other,mouse,Mus musculus,6764,GSE275119_TeethMmDev,Decoding SFRP2hi Fibroblast Progenitors in Sustaining Tooth Growth in Humans and Mice at Single-Cell Resolution,Aug 18 2024,39920788,Incisor Pulp,https://www.ncbi.nlm.nih.gov/geo/query/acc.cgi?acc=GSE275119,workspace/data/scrna/GSE275119_TeethMmDev.h5ad
GSE283205_hepatoblastomaCancer,scrna,GSE283205,GSE283205,tumor,human,Homo sapiens,16506,GSE283205_hepatoblastomaCancer,Multiomic analysis uncovers a continuous spectrum of differentiation and Wnt-MDK-driven immune evasion in hepatoblastoma [snRNA-seq],Nov 29 2024,39900120,Formalin-fixed paraffin-embedded hepatoblastoma,https://www.ncbi.nlm.nih.gov/geo/query/acc.cgi?acc=GSE283205,workspace/data/scrna/GSE283205_hepatoblastomaCancer.h5ad
GSE98638_TcellLiverHmCancer,scrna,GSE98638,GSE98638,liver,human,Homo sapiens,5063,GSE98638_TcellLiverHmCancer,Landscape of infiltrating T cells in liver cancer revealed by single-cell sequencing,May 08 2017,28622514,T cells,https://www.ncbi.nlm.nih.gov/geo/query/acc.cgi?acc=GSE98638,workspace/data/scrna/GSE98638_TcellLiverHmCancer.h5ad
bm_GSE120446,scrna,GSE120446,GSE120446,other,human,Homo sapiens,90653,bm_GSE120446,"Human Bone Marrow Assessment by Single Cell RNA Sequencing, Mass Cytometry and Flow Cytometry",Sep 25 2018,30518681,Bone marrow,https://www.ncbi.nlm.nih.gov/geo/query/acc.cgi?acc=GSE120446,workspace/data/scrna/bm_GSE120446.h5ad
dentate,scrna,GSE95753,,other,mouse,Mus musculus,18213,dentate,,,,,,workspace/data/scrna/dentate.h5ad
endo,scrna,GSE132188,,other,mouse,Mus musculus,2531,endo,,,,,,workspace/data/scrna/endo.h5ad
endo_GSE84133,scrna,GSE84133,GSE84133,other,human,Homo sapiens,8569,endo_GSE84133,A single-cell transcriptomic map of the human and mouse pancreas reveals inter- and intra-cell population structure,Jul 07 2016,27667365,"Male donor, age 17, BMI: 21.5",https://www.ncbi.nlm.nih.gov/geo/query/acc.cgi?acc=GSE84133,workspace/data/scrna/endo_GSE84133.h5ad
hESC_GSE144024,scrna,GSE144024,GSE144024,stem_cell,human,Homo sapiens,9485,hESC_GSE144024,Decoding Human Megakaryocyte Development,Jan 21 2020,33340451,human embryonic cells,https://www.ncbi.nlm.nih.gov/geo/query/acc.cgi?acc=GSE144024,workspace/data/scrna/hESC_GSE144024.h5ad
ifnHSPC_GSE226824,scrna,GSE226824,GSE226824,other,mouse,Mus musculus,13310,ifnHSPC_GSE226824,Time series single-cell RNA sequencing of murine hematopoetic stem and progenitors (HSPCs) following in vivo IFNα treatment,Mar 07 2023,38110222,Bone Marrow,https://www.ncbi.nlm.nih.gov/geo/query/acc.cgi?acc=GSE226824,workspace/data/scrna/ifnHSPC_GSE226824.h5ad
lung,scrna,GSE141259,,lung,mouse,Mus musculus,24882,lung,,,,,,workspace/data/scrna/lung.h5ad
setty,scrna,PRJEB37166,,other,human,Homo sapiens,5780,setty,,,,,,workspace/data/scrna/setty.h5ad
GSE174367_snATAC-seq_filtered_peak_bc_matrix,scatac,GSE174367,GSE174367,other,human,Homo sapiens,143401,GSE174367_snATAC-seq_filtered_peak_bc_matrix,Single-nucleus chromatin accessibility and transcriptomic characterization of Alzheimer’s Disease,May 12 2021,34239132,Control brain,https://www.ncbi.nlm.nih.gov/geo/query/acc.cgi?acc=GSE174367,workspace/data/scatac/GSE174367_snATAC-seq_filtered_peak_bc_matrix.h5ad
GSE198730_aPSM_scATAC_rep1_filtered_peak_bc_matrix,scatac,GSE198730,GSE198730,other,mouse,Mus musculus,5010,GSE198730_aPSM_scATAC_rep1_filtered_peak_bc_matrix,"Transcriptomics, Regulatory Syntax, and Enhancer Identification in Heterogenous Populations of Mesoderm-Induced ESCs at Single-Cell Resolution",Mar 15 2022,35977485,Naïve ESC,https://www.ncbi.nlm.nih.gov/geo/query/acc.cgi?acc=GSE198730,workspace/data/scatac/GSE198730_aPSM_scATAC_rep1_filtered_peak_bc_matrix.h5ad
GSE198730_naive_ESC_scATAC_rep1_filtered_peak_bc_matrix,scatac,GSE198730,GSE198730,stem_cell,mouse,Mus musculus,5000,GSE198730_naive_ESC_scATAC_rep1_filtered_peak_bc_matrix,"Transcriptomics, Regulatory Syntax, and Enhancer Identification in Heterogenous Populations of Mesoderm-Induced ESCs at Single-Cell Resolution",Mar 15 2022,35977485,Naïve ESC,https://www.ncbi.nlm.nih.gov/geo/query/acc.cgi?acc=GSE198730,workspace/data/scatac/GSE198730_naive_ESC_scATAC_rep1_filtered_peak_bc_matrix.h5ad
GSE206767_filtered_peak_bc_matrix,scatac,GSE206767,GSE206767,other,human,Homo sapiens,15259,GSE206767_filtered_peak_bc_matrix,Chemical-based external stimulation reprograms BJs into FiNs (scATAC-seq),Jun 23 2022,,BJ cells,https://www.ncbi.nlm.nih.gov/geo/query/acc.cgi?acc=GSE206767,workspace/data/scatac/GSE206767_filtered_peak_bc_matrix.h5ad
GSM5124061_PDX_390_vehicle_peak_bc_matrix,scatac,GSM5124061,GSM5124061,PDX,human,Homo sapiens,3350,GSM5124061_PDX_390_vehicle_peak_bc_matrix,scATAC_vehicle,Mar 02 2021,,breast cancer,https://www.ncbi.nlm.nih.gov/geo/query/acc.cgi?acc=GSM5124061,workspace/data/scatac/GSM5124061_PDX_390_vehicle_peak_bc_matrix.h5ad
GSM5342787_scA_filtered_peak_bc_matrix,scatac,GSM5342787,GSM5342787,other,human,Homo sapiens,1202,GSM5342787_scA_filtered_peak_bc_matrix,scA: Patient 1 scATAC-seq,May 27 2021,,Coronary artery,https://www.ncbi.nlm.nih.gov/geo/query/acc.cgi?acc=GSM5342787,workspace/data/scatac/GSM5342787_scA_filtered_peak_bc_matrix.h5ad
GSM5342788_scB_filtered_peak_bc_matrix,scatac,GSM5342788,GSM5342788,other,human,Homo sapiens,2633,GSM5342788_scB_filtered_peak_bc_matrix,scB: Patient 2 scATAC-seq,May 27 2021,,Coronary artery,https://www.ncbi.nlm.nih.gov/geo/query/acc.cgi?acc=GSM5342788,workspace/data/scatac/GSM5342788_scB_filtered_peak_bc_matrix.h5ad
GSM5402770_P115L1mutP_filtered_peak_bc_matrix,scatac,GSM5402770,GSM5402770,other,mouse,Mus musculus,9495,GSM5402770_P115L1mutP_filtered_peak_bc_matrix,P115Lats1mutparaspinal,Jun 27 2021,,Peripheral nerve tumor,https://www.ncbi.nlm.nih.gov/geo/query/acc.cgi?acc=GSM5402770,workspace/data/scatac/GSM5402770_P115L1mutP_filtered_peak_bc_matrix.h5ad
GSM5402771_NF_2-004_filtered_peak_bc_matrix,scatac,GSM5402771,GSM5402771,other,human,Homo sapiens,4745,GSM5402771_NF_2-004_filtered_peak_bc_matrix,NF_2-004,Jun 27 2021,,Peripheral nerve tumor,https://www.ncbi.nlm.nih.gov/geo/query/acc.cgi?acc=GSM5402771,workspace/data/scatac/GSM5402771_NF_2-004_filtered_peak_bc_matrix.h5ad
GSM5402772_MPNST_2-084_filtered_peak_bc_matrix,scatac,GSM5402772,GSM5402772,other,human,Homo sapiens,1658,GSM5402772_MPNST_2-084_filtered_peak_bc_matrix,MPNST_2-084,Jun 27 2021,,Peripheral nerve tumor,https://www.ncbi.nlm.nih.gov/geo/query/acc.cgi?acc=GSM5402772,workspace/data/scatac/GSM5402772_MPNST_2-084_filtered_peak_bc_matrix.h5ad
GSM5766892_d0-ctrl_filtered_peak_bc_matrix,scatac,GSM5766892,GSM5766892,other,human,Homo sapiens,4901,GSM5766892_d0-ctrl_filtered_peak_bc_matrix,HS360-Day0-rep1 [scATAC-seq],Dec 31 2021,,"HS360, day 0, hESCs undifferentiated",https://www.ncbi.nlm.nih.gov/geo/query/acc.cgi?acc=GSM5766892,workspace/data/scatac/GSM5766892_d0-ctrl_filtered_peak_bc_matrix.h5ad
GSM5766893_d20-ctrl_filtered_peak_bc_matrix,scatac,GSM5766893,GSM5766893,other,human,Homo sapiens,2847,GSM5766893_d20-ctrl_filtered_peak_bc_matrix,HS360-Day20-rep1 [scATAC-seq],Dec 31 2021,,"HS360, day 20, past stage III maturation",https://www.ncbi.nlm.nih.gov/geo/query/acc.cgi?acc=GSM5766893,workspace/data/scatac/GSM5766893_d20-ctrl_filtered_peak_bc_matrix.h5ad
GSM5769453_WT_S_filtered_peak_bc_matrix,scatac,GSM5769453,GSM5769453,other,zebrafish,Danio rerio,5264,GSM5769453_WT_S_filtered_peak_bc_matrix,Untreated_WT_Saccule_scATACseq,Jan 03 2022,,Untreated wild-type saccule,https://www.ncbi.nlm.nih.gov/geo/query/acc.cgi?acc=GSM5769453,workspace/data/scatac/GSM5769453_WT_S_filtered_peak_bc_matrix.h5ad
GSM5769454_WT_U_filtered_peak_bc_matrix,scatac,GSM5769454,GSM5769454,other,zebrafish,Danio rerio,1535,GSM5769454_WT_U_filtered_peak_bc_matrix,Untreated_WT_Utricle_scATACseq,Jan 03 2022,,Untreated wild-type utricle,https://www.ncbi.nlm.nih.gov/geo/query/acc.cgi?acc=GSM5769454,workspace/data/scatac/GSM5769454_WT_U_filtered_peak_bc_matrix.h5ad
GSM5769456_DTR_S_filtered_peak_bc_matrix,scatac,GSM5769456,GSM5769456,other,zebrafish,Danio rerio,4320,GSM5769456_DTR_S_filtered_peak_bc_matrix,Untreated_DTR_Saccule_scATACseq,Jan 03 2022,,Untreated DTR saccule,https://www.ncbi.nlm.nih.gov/geo/query/acc.cgi?acc=GSM5769456,workspace/data/scatac/GSM5769456_DTR_S_filtered_peak_bc_matrix.h5ad
GSM5769460_Day5_DTR_S_filtered_peak_bc_matrix,scatac,GSM5769460,GSM5769460,other,zebrafish,Danio rerio,15982,GSM5769460_Day5_DTR_S_filtered_peak_bc_matrix,Day5_DTR_Saccule_scATACseq,Jan 03 2022,,Regenerating adult zebrafish saccule,https://www.ncbi.nlm.nih.gov/geo/query/acc.cgi?acc=GSM5769460,workspace/data/scatac/GSM5769460_Day5_DTR_S_filtered_peak_bc_matrix.h5ad
GSM5769461_Day5_DTR_U_filtered_peak_bc_matrix,scatac,GSM5769461,GSM5769461,other,zebrafish,Danio rerio,5409,GSM5769461_Day5_DTR_U_filtered_peak_bc_matrix,Day5_DTR_Utricle_scATACseq,Jan 03 2022,,Regenerating adult zebrafish utricle,https://www.ncbi.nlm.nih.gov/geo/query/acc.cgi?acc=GSM5769461,workspace/data/scatac/GSM5769461_Day5_DTR_U_filtered_peak_bc_matrix.h5ad
GSM5769462_Day7_DTR_S_filtered_peak_bc_matrix,scatac,GSM5769462,GSM5769462,other,zebrafish,Danio rerio,3267,GSM5769462_Day7_DTR_S_filtered_peak_bc_matrix,Day7_DTR_Saccule_scATACseq,Jan 03 2022,,Regenerating adult zebrafish saccule,https://www.ncbi.nlm.nih.gov/geo/query/acc.cgi?acc=GSM5769462,workspace/data/scatac/GSM5769462_Day7_DTR_S_filtered_peak_bc_matrix.h5ad
GSM5769463_Day7_DTR_U_filtered_peak_bc_matrix,scatac,GSM5769463,GSM5769463,other,zebrafish,Danio rerio,3187,GSM5769463_Day7_DTR_U_filtered_peak_bc_matrix,Day7_DTR_Utricle_scATACseq,Jan 03 2022,,Regenerating adult zebrafish utricle,https://www.ncbi.nlm.nih.gov/geo/query/acc.cgi?acc=GSM5769463,workspace/data/scatac/GSM5769463_Day7_DTR_U_filtered_peak_bc_matrix.h5ad
GSM5975165_Arm_d60_filtered_peak_bc_matrix,scatac,GSM5975165,GSM5975165,other,mouse,Mus musculus,3805,GSM5975165_Arm_d60_filtered_peak_bc_matrix,Arm_d60,Mar 28 2022,,P14 CD8 T cells from LCMV Armstrong infection 60 days post infection,https://www.ncbi.nlm.nih.gov/geo/query/acc.cgi?acc=GSM5975165,workspace/data/scatac/GSM5975165_Arm_d60_filtered_peak_bc_matrix.h5ad
GSM5975166_Arm_d200_filtered_peak_bc_matrix,scatac,GSM5975166,GSM5975166,other,mouse,Mus musculus,4007,GSM5975166_Arm_d200_filtered_peak_bc_matrix,Arm_d200,Mar 28 2022,,P14 CD8 T cells from LCMV Armstrong infection 200 days post infection,https://www.ncbi.nlm.nih.gov/geo/query/acc.cgi?acc=GSM5975166,workspace/data/scatac/GSM5975166_Arm_d200_filtered_peak_bc_matrix.h5ad
GSM6044072_1P_human_filtered_peak_bc_matrix,scatac,GSM6044072,GSM6044072,other,human,Homo sapiens,2775,GSM6044072_1P_human_filtered_peak_bc_matrix,CRC_primary_1,Apr 14 2022,,colorectal cancer cells,https://www.ncbi.nlm.nih.gov/geo/query/acc.cgi?acc=GSM6044072,workspace/data/scatac/GSM6044072_1P_human_filtered_peak_bc_matrix.h5ad
GSM6044073_2P_human_filtered_peak_bc_matrix,scatac,GSM6044073,GSM6044073,other,human,Homo sapiens,3268,GSM6044073_2P_human_filtered_peak_bc_matrix,CRC_primary_2,Apr 14 2022,,colorectal cancer cells,https://www.ncbi.nlm.nih.gov/geo/query/acc.cgi?acc=GSM6044073,workspace/data/scatac/GSM6044073_2P_human_filtered_peak_bc_matrix.h5ad
GSM6044074_4P_human_filtered_peak_bc_matrix,scatac,GSM6044074,GSM6044074,other,human,Homo sapiens,1178,GSM6044074_4P_human_filtered_peak_bc_matrix,CRC_primary_3,Apr 14 2022,,colorectal cancer cells,https://www.ncbi.nlm.nih.gov/geo/query/acc.cgi?acc=GSM6044074,workspace/data/scatac/GSM6044074_4P_human_filtered_peak_bc_matrix.h5ad
GSM6044075_1LM_human_filtered_peak_bc_matrix,scatac,GSM6044075,GSM6044075,other,human,Homo sapiens,6617,GSM6044075_1LM_human_filtered_peak_bc_matrix,CRC_liver_metastasis_1,Apr 14 2022,,colorectal cancer cells,https://www.ncbi.nlm.nih.gov/geo/query/acc.cgi?acc=GSM6044075,workspace/data/scatac/GSM6044075_1LM_human_filtered_peak_bc_matrix.h5ad
GSM6044076_2LM_human_filtered_peak_bc_matrix,scatac,GSM6044076,GSM6044076,other,human,Homo sapiens,3329,GSM6044076_2LM_human_filtered_peak_bc_matrix,CRC_liver_metastasis_2,Apr 14 2022,,colorectal cancer cells,https://www.ncbi.nlm.nih.gov/geo/query/acc.cgi?acc=GSM6044076,workspace/data/scatac/GSM6044076_2LM_human_filtered_peak_bc_matrix.h5ad
GSM6044077_4LM_human_filtered_peak_bc_matrix,scatac,GSM6044077,GSM6044077,other,human,Homo sapiens,5280,GSM6044077_4LM_human_filtered_peak_bc_matrix,CRC_liver_metastasis_3,Apr 14 2022,,colorectal cancer cells,https://www.ncbi.nlm.nih.gov/geo/query/acc.cgi?acc=GSM6044077,workspace/data/scatac/GSM6044077_4LM_human_filtered_peak_bc_matrix.h5ad
GSM6052781_E13,scatac,GSM6052781,GSM6052781,other,mouse,Mus musculus,8016,GSM6052781_E13,scATAC_seq_E13.5,Apr 21 2022,,skin,https://www.ncbi.nlm.nih.gov/geo/query/acc.cgi?acc=GSM6052781,workspace/data/scatac/GSM6052781_E13.h5ad
GSM6052782_E16,scatac,GSM6052782,GSM6052782,other,mouse,Mus musculus,7714,GSM6052782_E16,scATAC_seq_E16.5,Apr 21 2022,,skin,https://www.ncbi.nlm.nih.gov/geo/query/acc.cgi?acc=GSM6052782,workspace/data/scatac/GSM6052782_E16.h5ad
GSM6052783_P0_filtered_peak_bc_matrix,scatac,GSM6052783,GSM6052783,other,mouse,Mus musculus,7896,GSM6052783_P0_filtered_peak_bc_matrix,scATAC_seq_P0,Apr 21 2022,,skin,https://www.ncbi.nlm.nih.gov/geo/query/acc.cgi?acc=GSM6052783,workspace/data/scatac/GSM6052783_P0_filtered_peak_bc_matrix.h5ad
GSM6214533_1_CIEL_filtered_peak_bc_matrix,scatac,GSM6214533,GSM6214533,other,mouse,Mus musculus,1459,GSM6214533_1_CIEL_filtered_peak_bc_matrix,CIEL P14 CD8+ T cells,Jun 06 2022,,Small intestine intraepithelial lymphocytes,https://www.ncbi.nlm.nih.gov/geo/query/acc.cgi?acc=GSM6214533,workspace/data/scatac/GSM6214533_1_CIEL_filtered_peak_bc_matrix.h5ad
GSM6214534_2_CLPL_filtered_peak_bc_matrix,scatac,GSM6214534,GSM6214534,other,mouse,Mus musculus,1869,GSM6214534_2_CLPL_filtered_peak_bc_matrix,CLPL P14 CD8+ T cells,Jun 06 2022,,Small intestine LPL,https://www.ncbi.nlm.nih.gov/geo/query/acc.cgi?acc=GSM6214534,workspace/data/scatac/GSM6214534_2_CLPL_filtered_peak_bc_matrix.h5ad
GSM6214535_4_SI_IEL_filtered_peak_bc_matrix,scatac,GSM6214535,GSM6214535,other,mouse,Mus musculus,8253,GSM6214535_4_SI_IEL_filtered_peak_bc_matrix,SI_IEL P14 CD8+ T cells,Jun 06 2022,,Colon IEL,https://www.ncbi.nlm.nih.gov/geo/query/acc.cgi?acc=GSM6214535,workspace/data/scatac/GSM6214535_4_SI_IEL_filtered_peak_bc_matrix.h5ad
GSM6214536_6_SI_LPL_filtered_peak_bc_matrix,scatac,GSM6214536,GSM6214536,other,mouse,Mus musculus,1458,GSM6214536_6_SI_LPL_filtered_peak_bc_matrix,SI_LPL P14 CD8+ T cells,Jun 06 2022,,Colon LPL,https://www.ncbi.nlm.nih.gov/geo/query/acc.cgi?acc=GSM6214536,workspace/data/scatac/GSM6214536_6_SI_LPL_filtered_peak_bc_matrix.h5ad
GSM6449878_NSCLC8_TIL_eTreg_scATAC_filtered_peak_bc_matrix,scatac,GSM6449878,GSM6449878,other,human,Homo sapiens,3179,GSM6449878_NSCLC8_TIL_eTreg_scATAC_filtered_peak_bc_matrix,"NSCLC 8, TIL, eTreg, scATAC-seq",Aug 11 2022,,TIL,https://www.ncbi.nlm.nih.gov/geo/query/acc.cgi?acc=GSM6449878,workspace/data/scatac/GSM6449878_NSCLC8_TIL_eTreg_scATAC_filtered_peak_bc_matrix.h5ad
GSM6449879_NSCLC14_NormalLung_TregandCD8posT_scATAC_filtered_peak_bc_matrix,scatac,GSM6449879,GSM6449879,lung,human,Homo sapiens,2513,GSM6449879_NSCLC14_NormalLung_TregandCD8posT_scATAC_filtered_peak_bc_matrix,"NSCLC 14, normal lung, Treg and CD8+ T, scATAC-seq",Aug 11 2022,,normal lung,https://www.ncbi.nlm.nih.gov/geo/query/acc.cgi?acc=GSM6449879,workspace/data/scatac/GSM6449879_NSCLC14_NormalLung_TregandCD8posT_scATAC_filtered_peak_bc_matrix.h5ad
GSM6449880_HD4_PBMC_eTreg_scATAC_filtered_peak_bc_matrix,scatac,GSM6449880,GSM6449880,PBMC,human,Homo sapiens,3303,GSM6449880_HD4_PBMC_eTreg_scATAC_filtered_peak_bc_matrix,"HD 4, PBMC, eTreg, scATAC-seq",Aug 11 2022,,PBMC,https://www.ncbi.nlm.nih.gov/geo/query/acc.cgi?acc=GSM6449880,workspace/data/scatac/GSM6449880_HD4_PBMC_eTreg_scATAC_filtered_peak_bc_matrix.h5ad
GSM6449881_HD4_CD4CD25posT_scATAC_filtered_peak_bc_matrix,scatac,GSM6449881,GSM6449881,other,human,Homo sapiens,3473,GSM6449881_HD4_CD4CD25posT_scATAC_filtered_peak_bc_matrix,"HD 4, PBMC, CD4+ CD25+ T, scATAC-seq",Aug 11 2022,,PBMC,https://www.ncbi.nlm.nih.gov/geo/query/acc.cgi?acc=GSM6449881,workspace/data/scatac/GSM6449881_HD4_CD4CD25posT_scATAC_filtered_peak_bc_matrix.h5ad
GSM6449882_HD4_PBMC_nTreg_scATAC_filtered_peak_bc_matrix,scatac,GSM6449882,GSM6449882,PBMC,human,Homo sapiens,2849,GSM6449882_HD4_PBMC_nTreg_scATAC_filtered_peak_bc_matrix,"HD 4, PBMC, nTreg, scATAC-seq",Aug 11 2022,,PBMC,https://www.ncbi.nlm.nih.gov/geo/query/acc.cgi?acc=GSM6449882,workspace/data/scatac/GSM6449882_HD4_PBMC_nTreg_scATAC_filtered_peak_bc_matrix.h5ad
GSM6449883_HD5_PBMC_nTreg_scATAC_filtered_peak_bc_matrix,scatac,GSM6449883,GSM6449883,PBMC,human,Homo sapiens,1166,GSM6449883_HD5_PBMC_nTreg_scATAC_filtered_peak_bc_matrix,"HD 5, PBMC, nTreg, scATAC-seq",Aug 11 2022,,PBMC,https://www.ncbi.nlm.nih.gov/geo/query/acc.cgi?acc=GSM6449883,workspace/data/scatac/GSM6449883_HD5_PBMC_nTreg_scATAC_filtered_peak_bc_matrix.h5ad
GSM6638254_filtered_peak_bc_matrix,scatac,GSM6638254,GSM6638254,other,human,Homo sapiens,7990,GSM6638254_filtered_peak_bc_matrix,"633, invitro",Oct 14 2022,,MG63.3-GFP,https://www.ncbi.nlm.nih.gov/geo/query/acc.cgi?acc=GSM6638254,workspace/data/scatac/GSM6638254_filtered_peak_bc_matrix.h5ad
GSM6783751_d20-p100_filtered_peak_bc_matrix,scatac,GSM6783751,GSM6783751,other,human,Homo sapiens,3084,GSM6783751_d20-p100_filtered_peak_bc_matrix,HS360-Day20-P100 [scATAC-seq],Dec 03 2022,,"HS360, day 20, past stage III maturation, exposed to 100 μM paracetamol",https://www.ncbi.nlm.nih.gov/geo/query/acc.cgi?acc=GSM6783751,workspace/data/scatac/GSM6783751_d20-p100_filtered_peak_bc_matrix.h5ad
GSM6783752_d20-p200_filtered_peak_bc_matrix,scatac,GSM6783752,GSM6783752,other,human,Homo sapiens,3722,GSM6783752_d20-p200_filtered_peak_bc_matrix,HS360-Day20-P200 [scATAC-seq],Dec 03 2022,,"HS360, day 20, past stage III maturation, exposed to 200 μM paracetamol",https://www.ncbi.nlm.nih.gov/geo/query/acc.cgi?acc=GSM6783752,workspace/data/scatac/GSM6783752_d20-p200_filtered_peak_bc_matrix.h5ad
GSM7056609_HP_20210331_MONOS_filtered_peak_bc_matrix,scatac,GSM7056609,GSM7056609,other,mouse,Mus musculus,6654,GSM7056609_HP_20210331_MONOS_filtered_peak_bc_matrix,"C57Bl/6 Murine Synovial CD45+CD11b+Ly6g-SiglecF-Cd64-MHCII- cells, ATAC",Feb 22 2023,,Ankle Joint Synovium,https://www.ncbi.nlm.nih.gov/geo/query/acc.cgi?acc=GSM7056609,workspace/data/scatac/GSM7056609_HP_20210331_MONOS_filtered_peak_bc_matrix.h5ad
GSM7062446_Naive_filtered_peak_bc_matrix,scatac,GSM7062446,GSM7062446,other,mouse,Mus musculus,5171,GSM7062446_Naive_filtered_peak_bc_matrix,Naïve CD8T scATAC-seq,Feb 24 2023,,Lymphocytes,https://www.ncbi.nlm.nih.gov/geo/query/acc.cgi?acc=GSM7062446,workspace/data/scatac/GSM7062446_Naive_filtered_peak_bc_matrix.h5ad
GSM7062447_D2_filtered_peak_bc_matrix,scatac,GSM7062447,GSM7062447,other,mouse,Mus musculus,5764,GSM7062447_D2_filtered_peak_bc_matrix,D2 CD8T scATAC-seq,Feb 24 2023,,Lymphocytes,https://www.ncbi.nlm.nih.gov/geo/query/acc.cgi?acc=GSM7062447,workspace/data/scatac/GSM7062447_D2_filtered_peak_bc_matrix.h5ad
GSM7062448_D8-1_filtered_peak_bc_matrix,scatac,GSM7062448,GSM7062448,other,mouse,Mus musculus,2510,GSM7062448_D8-1_filtered_peak_bc_matrix,D8-1 CD8T scATAC-seq,Feb 24 2023,,Lymphocytes,https://www.ncbi.nlm.nih.gov/geo/query/acc.cgi?acc=GSM7062448,workspace/data/scatac/GSM7062448_D8-1_filtered_peak_bc_matrix.h5ad
GSM7062449_D8-2_filtered_peak_bc_matrix,scatac,GSM7062449,GSM7062449,other,mouse,Mus musculus,4379,GSM7062449_D8-2_filtered_peak_bc_matrix,D8-2 CD8T scATAC-seq,Feb 24 2023,,Lymphocytes,https://www.ncbi.nlm.nih.gov/geo/query/acc.cgi?acc=GSM7062449,workspace/data/scatac/GSM7062449_D8-2_filtered_peak_bc_matrix.h5ad
GSM7062450_D180_filtered_peak_bc_matrix,scatac,GSM7062450,GSM7062450,other,mouse,Mus musculus,3693,GSM7062450_D180_filtered_peak_bc_matrix,D180 CD8T scATAC-seq,Feb 24 2023,,Lymphocytes,https://www.ncbi.nlm.nih.gov/geo/query/acc.cgi?acc=GSM7062450,workspace/data/scatac/GSM7062450_D180_filtered_peak_bc_matrix.h5ad
GSM7064214_19_D003_filtered_peak_bc_matrix,scatac,GSM7064214,GSM7064214,other,human,Homo sapiens,4112,GSM7064214_19_D003_filtered_peak_bc_matrix,19_D003_atac_lib,Feb 24 2023,,macula lutea,https://www.ncbi.nlm.nih.gov/geo/query/acc.cgi?acc=GSM7064214,workspace/data/scatac/GSM7064214_19_D003_filtered_peak_bc_matrix.h5ad
GSM7064215_19_D005_filtered_peak_bc_matrix,scatac,GSM7064215,GSM7064215,other,human,Homo sapiens,10545,GSM7064215_19_D005_filtered_peak_bc_matrix,19_D005_atac_lib,Feb 24 2023,,macula lutea,https://www.ncbi.nlm.nih.gov/geo/query/acc.cgi?acc=GSM7064215,workspace/data/scatac/GSM7064215_19_D005_filtered_peak_bc_matrix.h5ad
GSM7064216_19_D006_filtered_peak_bc_matrix,scatac,GSM7064216,GSM7064216,other,human,Homo sapiens,8905,GSM7064216_19_D006_filtered_peak_bc_matrix,19_D006_atac_lib,Feb 24 2023,,macula lutea,https://www.ncbi.nlm.nih.gov/geo/query/acc.cgi?acc=GSM7064216,workspace/data/scatac/GSM7064216_19_D006_filtered_peak_bc_matrix.h5ad
GSM7064217_19_D007_filtered_peak_bc_matrix,scatac,GSM7064217,GSM7064217,other,human,Homo sapiens,7102,GSM7064217_19_D007_filtered_peak_bc_matrix,19_D007_atac_lib,Feb 24 2023,,macula lutea,https://www.ncbi.nlm.nih.gov/geo/query/acc.cgi?acc=GSM7064217,workspace/data/scatac/GSM7064217_19_D007_filtered_peak_bc_matrix.h5ad
GSM7308367_Exp157DukeaBMTB_filtered_peak_bc_matrix,scatac,GSM7308367,GSM7308367,other,human,Homo sapiens,12773,GSM7308367_Exp157DukeaBMTB_filtered_peak_bc_matrix,"Healthy Donor, rep1",May 08 2023,,PBMC,https://www.ncbi.nlm.nih.gov/geo/query/acc.cgi?acc=GSM7308367,workspace/data/scatac/GSM7308367_Exp157DukeaBMTB_filtered_peak_bc_matrix.h5ad
GSM7308369_Exp157DukeaBMTC_filtered_peak_bc_matrix,scatac,GSM7308369,GSM7308369,other,human,Homo sapiens,9302,GSM7308369_Exp157DukeaBMTC_filtered_peak_bc_matrix,"Pre-transplant, no_future_aGVHD, rep1",May 08 2023,,PBMC,https://www.ncbi.nlm.nih.gov/geo/query/acc.cgi?acc=GSM7308369,workspace/data/scatac/GSM7308369_Exp157DukeaBMTC_filtered_peak_bc_matrix.h5ad
GSM7734290_Naive_filtered_peak_bc_matrix,scatac,GSM7734290,GSM7734290,other,mouse,Mus musculus,12883,GSM7734290_Naive_filtered_peak_bc_matrix,"Naïve CD8T, scATAC-seq",Aug 24 2023,,Lymphocytes,https://www.ncbi.nlm.nih.gov/geo/query/acc.cgi?acc=GSM7734290,workspace/data/scatac/GSM7734290_Naive_filtered_peak_bc_matrix.h5ad
GSM7734291_D2_filtered_peak_bc_matrix,scatac,GSM7734291,GSM7734291,other,mouse,Mus musculus,15709,GSM7734291_D2_filtered_peak_bc_matrix,"D2 CD8T, scATAC-seq",Aug 24 2023,,Lymphocytes,https://www.ncbi.nlm.nih.gov/geo/query/acc.cgi?acc=GSM7734291,workspace/data/scatac/GSM7734291_D2_filtered_peak_bc_matrix.h5ad
GSM7734292_D8_filtered_peak_bc_matrix,scatac,GSM7734292,GSM7734292,other,mouse,Mus musculus,13313,GSM7734292_D8_filtered_peak_bc_matrix,"D8 CD8T, scATAC-seq",Aug 24 2023,,Lymphocytes,https://www.ncbi.nlm.nih.gov/geo/query/acc.cgi?acc=GSM7734292,workspace/data/scatac/GSM7734292_D8_filtered_peak_bc_matrix.h5ad
GSM7734711_MGH227_filtered_peak_bc_matrix,scatac,GSM7734711,GSM7734711,other,human,Homo sapiens,1992,GSM7734711_MGH227_filtered_peak_bc_matrix,MGH227_scATAC,Aug 27 2023,,primary tissue,https://www.ncbi.nlm.nih.gov/geo/query/acc.cgi?acc=GSM7734711,workspace/data/scatac/GSM7734711_MGH227_filtered_peak_bc_matrix.h5ad
GSM7734712_MGH230_filtered_peak_bc_matrix,scatac,GSM7734712,GSM7734712,other,human,Homo sapiens,7028,GSM7734712_MGH230_filtered_peak_bc_matrix,MGH230_scATAC,Aug 27 2023,,primary tissue,https://www.ncbi.nlm.nih.gov/geo/query/acc.cgi?acc=GSM7734712,workspace/data/scatac/GSM7734712_MGH230_filtered_peak_bc_matrix.h5ad
GSM7734713_MGH231_filtered_peak_bc_matrix,scatac,GSM7734713,GSM7734713,other,human,Homo sapiens,3720,GSM7734713_MGH231_filtered_peak_bc_matrix,MGH231_scATAC,Aug 27 2023,,primary tissue,https://www.ncbi.nlm.nih.gov/geo/query/acc.cgi?acc=GSM7734713,workspace/data/scatac/GSM7734713_MGH231_filtered_peak_bc_matrix.h5ad
GSM7734714_MGH232_filtered_peak_bc_matrix,scatac,GSM7734714,GSM7734714,other,human,Homo sapiens,2496,GSM7734714_MGH232_filtered_peak_bc_matrix,MGH232_scATAC,Aug 27 2023,,primary tissue,https://www.ncbi.nlm.nih.gov/geo/query/acc.cgi?acc=GSM7734714,workspace/data/scatac/GSM7734714_MGH232_filtered_peak_bc_matrix.h5ad
GSM7734715_MGH234_filtered_peak_bc_matrix,scatac,GSM7734715,GSM7734715,other,human,Homo sapiens,6357,GSM7734715_MGH234_filtered_peak_bc_matrix,MGH234_scATAC,Aug 27 2023,,primary tissue,https://www.ncbi.nlm.nih.gov/geo/query/acc.cgi?acc=GSM7734715,workspace/data/scatac/GSM7734715_MGH234_filtered_peak_bc_matrix.h5ad
GSM7734716_MGH236_filtered_peak_bc_matrix,scatac,GSM7734716,GSM7734716,other,human,Homo sapiens,5754,GSM7734716_MGH236_filtered_peak_bc_matrix,MGH236_scATAC,Aug 27 2023,,primary tissue,https://www.ncbi.nlm.nih.gov/geo/query/acc.cgi?acc=GSM7734716,workspace/data/scatac/GSM7734716_MGH236_filtered_peak_bc_matrix.h5ad
GSM7734717_MGH239_filtered_peak_bc_matrix,scatac,GSM7734717,GSM7734717,other,human,Homo sapiens,2981,GSM7734717_MGH239_filtered_peak_bc_matrix,MGH239_scATAC,Aug 27 2023,,primary tissue,https://www.ncbi.nlm.nih.gov/geo/query/acc.cgi?acc=GSM7734717,workspace/data/scatac/GSM7734717_MGH239_filtered_peak_bc_matrix.h5ad
GSM7777060_CTRL_filtered_peak_bc_matrix,scatac,GSM7777060,GSM7777060,other,human,Homo sapiens,5814,GSM7777060_CTRL_filtered_peak_bc_matrix,scATACseq_CD34+_Notreatment_24h_multipledonors,Sep 12 2023,,umbilical cord blood,https://www.ncbi.nlm.nih.gov/geo/query/acc.cgi?acc=GSM7777060,workspace/data/scatac/GSM7777060_CTRL_filtered_peak_bc_matrix.h5ad
GSM7777061_2DG_filtered_peak_bc_matrix,scatac,GSM7777061,GSM7777061,other,human,Homo sapiens,4074,GSM7777061_2DG_filtered_peak_bc_matrix,scATACseq_CD34+_2DGtreatment_24h_multipledonors,Sep 12 2023,,umbilical cord blood,https://www.ncbi.nlm.nih.gov/geo/query/acc.cgi?acc=GSM7777061,workspace/data/scatac/GSM7777061_2DG_filtered_peak_bc_matrix.h5ad
GSM7777062_DON_filtered_peak_bc_matrix,scatac,GSM7777062,GSM7777062,other,human,Homo sapiens,6433,GSM7777062_DON_filtered_peak_bc_matrix,scATACseq_CD34+_DONtreatment_24h_multipledonors,Sep 12 2023,,umbilical cord blood,https://www.ncbi.nlm.nih.gov/geo/query/acc.cgi?acc=GSM7777062,workspace/data/scatac/GSM7777062_DON_filtered_peak_bc_matrix.h5ad
GSM7777063_AOA_filtered_peak_bc_matrix,scatac,GSM7777063,GSM7777063,other,human,Homo sapiens,6819,GSM7777063_AOA_filtered_peak_bc_matrix,scATACseq_CD34+_AOAtreatment_24h_multipledonors,Sep 12 2023,,umbilical cord blood,https://www.ncbi.nlm.nih.gov/geo/query/acc.cgi?acc=GSM7777063,workspace/data/scatac/GSM7777063_AOA_filtered_peak_bc_matrix.h5ad
GSM7884540_D013_13_lobe_atac_filtered_peak_bc_matrix,scatac,GSM7884540,GSM7884540,other,human,Homo sapiens,5876,GSM7884540_D013_13_lobe_atac_filtered_peak_bc_matrix,10xATAC_D013_13_hu_Lobe_atac_lib,Nov 07 2023,,peripheral region of retina,https://www.ncbi.nlm.nih.gov/geo/query/acc.cgi?acc=GSM7884540,workspace/data/scatac/GSM7884540_D013_13_lobe_atac_filtered_peak_bc_matrix.h5ad
GSM7884541_D027_13_lobe_atac_filtered_peak_bc_matrix,scatac,GSM7884541,GSM7884541,other,human,Homo sapiens,9868,GSM7884541_D027_13_lobe_atac_filtered_peak_bc_matrix,10xATAC_D027_13_hu_Lobe_atac_lib,Nov 07 2023,,peripheral region of retina,https://www.ncbi.nlm.nih.gov/geo/query/acc.cgi?acc=GSM7884541,workspace/data/scatac/GSM7884541_D027_13_lobe_atac_filtered_peak_bc_matrix.h5ad
GSM7884543_D030_13_macular_atac_filtered_peak_bc_matrix,scatac,GSM7884543,GSM7884543,other,human,Homo sapiens,9640,GSM7884543_D030_13_macular_atac_filtered_peak_bc_matrix,10xATAC_D030_13_atac_lib,Nov 07 2023,,macula lutea,https://www.ncbi.nlm.nih.gov/geo/query/acc.cgi?acc=GSM7884543,workspace/data/scatac/GSM7884543_D030_13_macular_atac_filtered_peak_bc_matrix.h5ad
GSM7884545_D021_13_lobe_atac_filtered_peak_bc_matrix,scatac,GSM7884545,GSM7884545,other,human,Homo sapiens,7682,GSM7884545_D021_13_lobe_atac_filtered_peak_bc_matrix,10xATAC_D021_13_hu_Lobe_atac_lib,Nov 07 2023,,peripheral region of retina,https://www.ncbi.nlm.nih.gov/geo/query/acc.cgi?acc=GSM7884545,workspace/data/scatac/GSM7884545_D021_13_lobe_atac_filtered_peak_bc_matrix.h5ad
GSM7884549_D009_13_lobe_atac_filtered_peak_bc_matrix,scatac,GSM7884549,GSM7884549,other,human,Homo sapiens,9041,GSM7884549_D009_13_lobe_atac_filtered_peak_bc_matrix,10xATAC_D9_13_hu_Lobe_atac_lib,Nov 07 2023,,peripheral region of retina,https://www.ncbi.nlm.nih.gov/geo/query/acc.cgi?acc=GSM7884549,workspace/data/scatac/GSM7884549_D009_13_lobe_atac_filtered_peak_bc_matrix.h5ad
GSM7884550_D005_13_lobe_atac_filtered_peak_bc_matrix,scatac,GSM7884550,GSM7884550,other,human,Homo sapiens,6390,GSM7884550_D005_13_lobe_atac_filtered_peak_bc_matrix,10xATAC_D5_13_hu_Lobe_atac_lib,Nov 07 2023,,peripheral region of retina,https://www.ncbi.nlm.nih.gov/geo/query/acc.cgi?acc=GSM7884550,workspace/data/scatac/GSM7884550_D005_13_lobe_atac_filtered_peak_bc_matrix.h5ad
GSM8008841_vcap_d_filtered_peak_bc_matrix,scatac,GSM8008841,GSM8008841,other,human,Homo sapiens,1077,GSM8008841_vcap_d_filtered_peak_bc_matrix,"VCaP, DMSO",,,Prostate,https://www.ncbi.nlm.nih.gov/geo/query/acc.cgi?acc=GSM8008841,workspace/data/scatac/GSM8008841_vcap_d_filtered_peak_bc_matrix.h5ad
GSM8397466_WT1_filtered_peak_bc_matrix,scatac,GSM8397466,GSM8397466,other,mouse,Mus musculus,18157,GSM8397466_WT1_filtered_peak_bc_matrix,"Bone marrow, WT, female, biol rep 1, scATACseq",Jul 15 2024,,Bone marrow,https://www.ncbi.nlm.nih.gov/geo/query/acc.cgi?acc=GSM8397466,workspace/data/scatac/GSM8397466_WT1_filtered_peak_bc_matrix.h5ad
GSM8397467_WT2_filtered_peak_bc_matrix,scatac,GSM8397467,GSM8397467,other,mouse,Mus musculus,4207,GSM8397467_WT2_filtered_peak_bc_matrix,"Bone marrow, WT, female, biol rep 2, scATACseq",Jul 15 2024,,Bone marrow,https://www.ncbi.nlm.nih.gov/geo/query/acc.cgi?acc=GSM8397467,workspace/data/scatac/GSM8397467_WT2_filtered_peak_bc_matrix.h5ad
GSM8462143_AL05_ATAC_filtered_peak_bc_matrix,scatac,GSM8462143,GSM8462143,other,human,Homo sapiens,8872,GSM8462143_AL05_ATAC_filtered_peak_bc_matrix,"AL05, scATAC-seq",Aug 15 2024,,Lung,https://www.ncbi.nlm.nih.gov/geo/query/acc.cgi?acc=GSM8462143,workspace/data/scatac/GSM8462143_AL05_ATAC_filtered_peak_bc_matrix.h5ad
GSM8462144_AL08_ATAC_filtered_peak_bc_matrix,scatac,GSM8462144,GSM8462144,other,human,Homo sapiens,4116,GSM8462144_AL08_ATAC_filtered_peak_bc_matrix,"AL08, scATAC-seq",Aug 15 2024,,Lung,https://www.ncbi.nlm.nih.gov/geo/query/acc.cgi?acc=GSM8462144,workspace/data/scatac/GSM8462144_AL08_ATAC_filtered_peak_bc_matrix.h5ad
GSM8462145_AL10_ATAC_filtered_peak_bc_matrix,scatac,GSM8462145,GSM8462145,other,human,Homo sapiens,8389,GSM8462145_AL10_ATAC_filtered_peak_bc_matrix,"AL10, scATAC-seq",Aug 15 2024,,Lung,https://www.ncbi.nlm.nih.gov/geo/query/acc.cgi?acc=GSM8462145,workspace/data/scatac/GSM8462145_AL10_ATAC_filtered_peak_bc_matrix.h5ad
GSM8462146_AL11_ATAC_filtered_peak_bc_matrix,scatac,GSM8462146,GSM8462146,other,human,Homo sapiens,2075,GSM8462146_AL11_ATAC_filtered_peak_bc_matrix,"AL11, scATAC-seq",Aug 15 2024,,Lung,https://www.ncbi.nlm.nih.gov/geo/query/acc.cgi?acc=GSM8462146,workspace/data/scatac/GSM8462146_AL11_ATAC_filtered_peak_bc_matrix.h5ad
GSM8462147_AL12_ATAC_filtered_peak_bc_matrix,scatac,GSM8462147,GSM8462147,other,human,Homo sapiens,5048,GSM8462147_AL12_ATAC_filtered_peak_bc_matrix,"AL12, scATAC-seq",Aug 15 2024,,Lung,https://www.ncbi.nlm.nih.gov/geo/query/acc.cgi?acc=GSM8462147,workspace/data/scatac/GSM8462147_AL12_ATAC_filtered_peak_bc_matrix.h5ad
GSM8517035_scATAC_P28_Dlx_ALM_rep1_filtered_peak_bc_matrix,scatac,GSM8517035,GSM8517035,other,mouse,Mus musculus,4425,GSM8517035_scATAC_P28_Dlx_ALM_rep1_filtered_peak_bc_matrix,Replicate 1 for P28 cortex ALM interneuron,Sep 15 2024,,Cortex - ALM,https://www.ncbi.nlm.nih.gov/geo/query/acc.cgi?acc=GSM8517035,workspace/data/scatac/GSM8517035_scATAC_P28_Dlx_ALM_rep1_filtered_peak_bc_matrix.h5ad
GSM8546124_Control_filtered_peak_bc_matrix,scatac,GSM8546124,GSM8546124,other,mouse,Mus musculus,9531,GSM8546124_Control_filtered_peak_bc_matrix,"control, lung mesenchymal, adult, ATAC-seq",Sep 30 2024,,Epcam-CD31-CD45-,https://www.ncbi.nlm.nih.gov/geo/query/acc.cgi?acc=GSM8546124,workspace/data/scatac/GSM8546124_Control_filtered_peak_bc_matrix.h5ad
GSM8546125_BLM_filtered_peak_bc_matrix,scatac,GSM8546125,GSM8546125,other,mouse,Mus musculus,10772,GSM8546125_BLM_filtered_peak_bc_matrix,"bleomycin, lung mesenchymal, adult, ATAC-seq",Sep 30 2024,,Epcam-CD31-CD45-,https://www.ncbi.nlm.nih.gov/geo/query/acc.cgi?acc=GSM8546125,workspace/data/scatac/GSM8546125_BLM_filtered_peak_bc_matrix.h5ad
GSM8685152_TK64_filtered_feature_bc_matrix,scatac,GSM8685152,GSM8685152,other,mouse,Mus musculus,27166,GSM8685152_TK64_filtered_feature_bc_matrix,E11.5 Wild Type scRNA-Seq,Dec 17 2024,,Hypothalamus and Prethalamus,https://www.ncbi.nlm.nih.gov/geo/query/acc.cgi?acc=GSM8685152,workspace/data/scatac/GSM8685152_TK64_filtered_feature_bc_matrix.h5ad
GSM8685155_TKX_filtered_feature_bc_matrix,scatac,GSM8685155,GSM8685155,other,mouse,Mus musculus,16236,GSM8685155_TKX_filtered_feature_bc_matrix,E13.5 Wild Type scRNA-Seq Replicate 1,Dec 17 2024,,Hypothalamus and Prethalamus,https://www.ncbi.nlm.nih.gov/geo/query/acc.cgi?acc=GSM8685155,workspace/data/scatac/GSM8685155_TKX_filtered_feature_bc_matrix.h5ad
GSM8685177_TKC7_filtered_feature_bc_matrix,scatac,GSM8685177,GSM8685177,other,mouse,Mus musculus,22409,GSM8685177_TKC7_filtered_feature_bc_matrix,P8 Foxd1-Cre/+ ; Dlx1/2-flox/flox scRNA-Seq Replicate 1,Dec 17 2024,,Hypothalamus and Prethalamus,https://www.ncbi.nlm.nih.gov/geo/query/acc.cgi?acc=GSM8685177,workspace/data/scatac/GSM8685177_TKC7_filtered_feature_bc_matrix.h5ad
GSM8729707_filtered_peak_bc_matrix_cellrangerGenome,scatac,GSM8729707,GSM8729707,other,human,Homo sapiens,7934,GSM8729707_filtered_peak_bc_matrix_cellrangerGenome,Human aortic media,Jan 13 2025,,aortic media,https://www.ncbi.nlm.nih.gov/geo/query/acc.cgi?acc=GSM8729707,workspace/data/scatac/GSM8729707_filtered_peak_bc_matrix_cellrangerGenome.h5ad
GSM8852347_MH_07_042_M2_filtered_peak_bc_matrix,scatac,GSM8852347,GSM8852347,other,human,Homo sapiens,3147,GSM8852347_MH_07_042_M2_filtered_peak_bc_matrix,scATAC-seq of MH_07-042-M2,Mar 17 2025,,tumor tissue,https://www.ncbi.nlm.nih.gov/geo/query/acc.cgi?acc=GSM8852347,workspace/data/scatac/GSM8852347_MH_07_042_M2_filtered_peak_bc_matrix.h5ad
GSM8852348_MH_13-084-D12_filtered_feature_bc_matrix,scatac,GSM8852348,GSM8852348,other,human,Homo sapiens,9865,GSM8852348_MH_13-084-D12_filtered_feature_bc_matrix,scATAC-seq of MH_13-084-D12,Mar 17 2025,,tumor tissue,https://www.ncbi.nlm.nih.gov/geo/query/acc.cgi?acc=GSM8852348,workspace/data/scatac/GSM8852348_MH_13-084-D12_filtered_feature_bc_matrix.h5ad
GSM8852349_MH_13_084_D13_filtered_peak_bc_matrix,scatac,GSM8852349,GSM8852349,other,human,Homo sapiens,16176,GSM8852349_MH_13_084_D13_filtered_peak_bc_matrix,scATAC-seq of MH_13-084-D13,Mar 17 2025,,tumor tissue,https://www.ncbi.nlm.nih.gov/geo/query/acc.cgi?acc=GSM8852349,workspace/data/scatac/GSM8852349_MH_13_084_D13_filtered_peak_bc_matrix.h5ad
GSM8900548_sample1_ATAC_filtered_peak_bc_matrix,scatac,GSM8900548,GSM8900548,other,mouse,Mus musculus,20005,GSM8900548_sample1_ATAC_filtered_peak_bc_matrix,"Multiome, murine lung tissue, ATAC1",Apr 10 2025,,lung,https://www.ncbi.nlm.nih.gov/geo/query/acc.cgi?acc=GSM8900548,workspace/data/scatac/GSM8900548_sample1_ATAC_filtered_peak_bc_matrix.h5ad
GSM8900549_sample2_ATAC_filtered_peak_bc_matrix,scatac,GSM8900549,GSM8900549,other,mouse,Mus musculus,16778,GSM8900549_sample2_ATAC_filtered_peak_bc_matrix,"Multiome, murine lung tissue, ATAC2",Apr 10 2025,,lung,https://www.ncbi.nlm.nih.gov/geo/query/acc.cgi?acc=GSM8900549,workspace/data/scatac/GSM8900549_sample2_ATAC_filtered_peak_bc_matrix.h5ad
GSM8900550_sample3_ATAC_filtered_peak_bc_matrix,scatac,GSM8900550,GSM8900550,other,mouse,Mus musculus,15701,GSM8900550_sample3_ATAC_filtered_peak_bc_matrix,"Multiome, murine lung tissue, ATAC3",Apr 10 2025,,lung,https://www.ncbi.nlm.nih.gov/geo/query/acc.cgi?acc=GSM8900550,workspace/data/scatac/GSM8900550_sample3_ATAC_filtered_peak_bc_matrix.h5ad
GSM8900551_sample4_ATAC_filtered_peak_bc_matrix,scatac,GSM8900551,GSM8900551,other,mouse,Mus musculus,20020,GSM8900551_sample4_ATAC_filtered_peak_bc_matrix,"Multiome, murine lung tissue, ATAC4",Apr 10 2025,,lung,https://www.ncbi.nlm.nih.gov/geo/query/acc.cgi?acc=GSM8900551,workspace/data/scatac/GSM8900551_sample4_ATAC_filtered_peak_bc_matrix.h5ad
GSM8900552_sample5_ATAC_filtered_peak_bc_matrix,scatac,GSM8900552,GSM8900552,other,mouse,Mus musculus,9382,GSM8900552_sample5_ATAC_filtered_peak_bc_matrix,"Multiome, murine lung tissue, ATAC5",Apr 10 2025,,lung,https://www.ncbi.nlm.nih.gov/geo/query/acc.cgi?acc=GSM8900552,workspace/data/scatac/GSM8900552_sample5_ATAC_filtered_peak_bc_matrix.h5ad
GSM8900553_sample6_ATAC_filtered_peak_bc_matrix,scatac,GSM8900553,GSM8900553,other,mouse,Mus musculus,14346,GSM8900553_sample6_ATAC_filtered_peak_bc_matrix,"Multiome, murine lung tissue, ATAC6",Apr 10 2025,,lung,https://www.ncbi.nlm.nih.gov/geo/query/acc.cgi?acc=GSM8900553,workspace/data/scatac/GSM8900553_sample6_ATAC_filtered_peak_bc_matrix.h5ad
GSM8997246_Sample1_filtered_peak_bc_matrix,scatac,GSM8997246,GSM8997246,other,human,Homo sapiens,9346,GSM8997246_Sample1_filtered_peak_bc_matrix,Donor 1 scATAC-seq,May 20 2025,,Blood,https://www.ncbi.nlm.nih.gov/geo/query/acc.cgi?acc=GSM8997246,workspace/data/scatac/GSM8997246_Sample1_filtered_peak_bc_matrix.h5ad
GSE185538_new,scrna,GSE185538,GSE185538,embryo,rat,Rattus norvegicus,24573,GEO cellranger download (24573 cells),Single-nucleus chromatin accessibility and RNA-seq reveal impaired brain development in prenatal e-cigarette exposed neonatal rats,Oct 07 2021,35874099,P7 rat brain,https://www.ncbi.nlm.nih.gov/geo/query/acc.cgi?acc=GSE185538,workspace/data/scrna/GSE185538_new.h5ad
GSE130430_new,scrna,GSE130430,GSE130430,bone_marrow,human,Homo sapiens,886,GEO cellranger download (886 cells),The Developmental Heterogeneity of Human Natural Killer Cells Defined by Single-cell Transcriptome,Apr 29 2019,31477722,Bone marrow,https://www.ncbi.nlm.nih.gov/geo/query/acc.cgi?acc=GSE130430,workspace/data/scrna/GSE130430_new.h5ad
GSE155249_new,scrna,GSE155249,GSE155249,breast,human,Homo sapiens,3595,GEO cellranger download (3595 cells),Circuits between infected macrophages and T cells in SARS-CoV-2 pneumonia,Jul 28 2020,33429418,Sorted macrophages and T cells,https://www.ncbi.nlm.nih.gov/geo/query/acc.cgi?acc=GSE155249,workspace/data/scrna/GSE155249_new.h5ad
GSE205506_new,scrna,GSE205506,GSE205506,neuro,human,Homo sapiens,1666,GEO cellranger download (1666 cells),Remodeling of the Immune and Stromal Cell Compartment by PD-1 Blockade in Mismatch Repair-Deficient Colorectal Cancer,Jun 06 2022,37172580; 39055918,colon,https://www.ncbi.nlm.nih.gov/geo/query/acc.cgi?acc=GSE205506,workspace/data/scrna/GSE205506_new.h5ad
GSE139324_new,scrna,GSE139324,GSE139324,hnscc,human,Homo sapiens,1725,GEO cellranger download (1725 cells),Immune landscape of viral- and carcinogen-drived head and neck cancer,Oct 24 2019,31924475; 34099645; 41661401,peripheral blood,https://www.ncbi.nlm.nih.gov/geo/query/acc.cgi?acc=GSE139324,workspace/data/scrna/GSE139324_new.h5ad
GSE167118_new,scrna,GSE167118,GSE167118,brain,human,Homo sapiens,3273,GEO cellranger download (3273 cells),Clonal expansion and activation of tissue-resident memory-like Th17 cells expressing GM-CSF in the lung of severe COVID-19 patients,Feb 19 2021,33622974,blood,https://www.ncbi.nlm.nih.gov/geo/query/acc.cgi?acc=GSE167118,workspace/data/scrna/GSE167118_new.h5ad
GSE162454_new,scrna,GSE162454,GSE162454,liver,human,Homo sapiens,8894,GEO cellranger download (8894 cells),Single-cell RNA sequencing of human osteosarcoma,Dec 01 2020,34367994; 36507075; 38755647; 41413734,Tumor tissue,https://www.ncbi.nlm.nih.gov/geo/query/acc.cgi?acc=GSE162454,workspace/data/scrna/GSE162454_new.h5ad
GSE145926_new,scrna,GSE145926,GSE145926,balf,human,Homo sapiens,6249,GEO cellranger download (6249 cells),Single-cell landscape of bronchoalveolar immune cells in COVID-19 patients,Feb 25 2020,32398875; 39369126,BALF,https://www.ncbi.nlm.nih.gov/geo/query/acc.cgi?acc=GSE145926,workspace/data/scrna/GSE145926_new.h5ad
GSE166635_new,scrna,GSE166635,GSE166635,brain,human,Homo sapiens,16077,GEO cellranger download (16077 cells),TNFR2 HnRNPK-YAP Signaling Axis Promotes Primary Liver Cancer Development in Hepatic Progenitor Cells,Feb 11 2021,33619115,liver cancer,https://www.ncbi.nlm.nih.gov/geo/query/acc.cgi?acc=GSE166635,workspace/data/scrna/GSE166635_new.h5ad
GSE163558_new,scrna,GSE163558,GSE163558,stomach,human,Homo sapiens,2866,GEO cellranger download (2866 cells),Transcriptional heterogeneity in primary and metastatic gastric cancer revealed using single-cell RNA sequencing,Dec 20 2020,35184420,primary gastric cancer,https://www.ncbi.nlm.nih.gov/geo/query/acc.cgi?acc=GSE163558,workspace/data/scrna/GSE163558_new.h5ad
GSE164378_new,scrna,GSE164378,GSE164378,pbmc,human,Homo sapiens,161764,GEO cellranger download (161764 cells),Integrated analysis of multimodal single-cell data,Jan 07 2021,34062119,PBMC,https://www.ncbi.nlm.nih.gov/geo/query/acc.cgi?acc=GSE164378,workspace/data/scrna/GSE164378_new.h5ad
GSE149689_new,scrna,GSE149689,GSE149689,blood,human,Homo sapiens,85144,GEO cellranger download (85144 cells),Immunophenotyping of COVID-19 and Influenza Underscores the Association of Type I IFN Response in Severe COVID-19,May 01 2020,32651212; 36229591,nCoV_PBMC,https://www.ncbi.nlm.nih.gov/geo/query/acc.cgi?acc=GSE149689,workspace/data/scrna/GSE149689_new.h5ad
GSE151530_new,scrna,GSE151530,GSE151530,liver,human,Homo sapiens,56721,GEO cellranger download (56721 cells),Understanding tumor evolution and its clonality by single-cell transcriptomic analysis in liver cancer,Jun 01 2020,34216724; 31588021,Primary liver cancer single-cell,https://www.ncbi.nlm.nih.gov/geo/query/acc.cgi?acc=GSE151530,workspace/data/scrna/GSE151530_new.h5ad
GSE158803_new,scrna,GSE158803,GSE158803,neural,human,Homo sapiens,1092,GEO cellranger download (1092 cells),A Single-Cell Tumor Immune Atlas for Precision Oncology,Sep 30 2020,34548323,brain metastasis,https://www.ncbi.nlm.nih.gov/geo/query/acc.cgi?acc=GSE158803,workspace/data/scrna/GSE158803_new.h5ad
GSE163484_new,scrna,GSE163484,GSE163484,brain,mouse,Mus musculus,8203,GEO cellranger download (8203 cells),Single cell RNA-seq of Sox10-Cre::GFP+ population,Dec 18 2020,33846645,P21 Brain,https://www.ncbi.nlm.nih.gov/geo/query/acc.cgi?acc=GSE163484,workspace/data/scrna/GSE163484_new.h5ad
GSE175814_new,scrna,GSE175814,GSE175814,lung,human,Homo sapiens,6223,GEO cellranger download (6223 cells),Single cell RNA sequencing  analysis of human Alzheimer’s disease brain samples  reveal neuronal and glial specific cells differential expression,May 30 2021,36827281,Brain,https://www.ncbi.nlm.nih.gov/geo/query/acc.cgi?acc=GSE175814,workspace/data/scrna/GSE175814_new.h5ad
GSE181061_new,scrna,GSE181061,GSE181061,kidney,human,Homo sapiens,108421,GEO cellranger download (108421 cells),A single-cell map of dynamic chromatin landscapes of immune cells in renal cell carcinoma (scRNA-Seq and TCR-Seq),Jul 28 2021,35668194,Donor,https://www.ncbi.nlm.nih.gov/geo/query/acc.cgi?acc=GSE181061,workspace/data/scrna/GSE181061_new.h5ad
GSE186344_new,scrna,GSE186344,GSE186344,bladder,human,Homo sapiens,2228,GEO cellranger download (2228 cells),Cellular Architecture of Human Brain Metastases,Oct 21 2021,35063085,Human Brain Metastasis,https://www.ncbi.nlm.nih.gov/geo/query/acc.cgi?acc=GSE186344,workspace/data/scrna/GSE186344_new.h5ad
GSE197177_new,scrna,GSE197177,GSE197177,gut,human,Homo sapiens,21560,GEO cellranger download (21560 cells),"A single-cell atlas of the tumor, stromal and immune microenvironments in pancreatic cancer liver metastasis",Feb 22 2022,37612267,primary pancreatic tumors,https://www.ncbi.nlm.nih.gov/geo/query/acc.cgi?acc=GSE197177,workspace/data/scrna/GSE197177_new.h5ad
GSE213337_new,scrna,GSE213337,GSE213337,pancreas,mouse,Mus musculus,8631,GEO cellranger download (8631 cells),Single cell analysis reveals the heterogeneity of fibroblasts in the diabetic heart,Sep 14 2022,36706988,heart,https://www.ncbi.nlm.nih.gov/geo/query/acc.cgi?acc=GSE213337,workspace/data/scrna/GSE213337_new.h5ad
GSE235063_new,scrna,GSE235063,GSE235063,thymus,human,Homo sapiens,6757,GEO cellranger download (6757 cells),A longitudinal single-cell atlas of treatment response in pediatric AML (scRNA-Seq),Jun 15 2023,37977148; 40991835,Marrow,https://www.ncbi.nlm.nih.gov/geo/query/acc.cgi?acc=GSE235063,workspace/data/scrna/GSE235063_new.h5ad
GSE139555_new,scrna,GSE139555,GSE139555,tcell,human,Homo sapiens,7462,GEO cellranger (7462 cells),Peripheral clonal expansion of T lymphocytes associates with tumour infiltration and response to cancer immunotherapy,Oct 29 2019,32103181; 35263569,CD3+ immune cells,https://www.ncbi.nlm.nih.gov/geo/query/acc.cgi?acc=GSE139555,workspace/data/scrna/GSE139555_new.h5ad
GSE149655_new,scrna,GSE149655,GSE149655,airway,human,Homo sapiens,4397,GEO cellranger (4397 cells),Single cell RNAseq of human early stage lung adenocarcinoma with activating somatic KRAS mutations and associated normal lung tissues reveals alterations of key gene expression in alveolar type II pneumocytes,Apr 30 2020,32891189,lung distal normal tissue from patient 01,https://www.ncbi.nlm.nih.gov/geo/query/acc.cgi?acc=GSE149655,workspace/data/scrna/GSE149655_new.h5ad
GSE154778_new,scrna,GSE154778,GSE154778,pancreas,human,Homo sapiens,585,GEO cellranger (585 cells),Single-cell transcriptomics analysis of pancreatic primary tumor and metastatic biopsy tissues,Jul 20 2020,32988401,Pancreatic ductal adenocarcinoma,https://www.ncbi.nlm.nih.gov/geo/query/acc.cgi?acc=GSE154778,workspace/data/scrna/GSE154778_new.h5ad
GSE181388_new,scrna,GSE181388,GSE181388,muscle,human,Homo sapiens,22157,GEO cellranger (22157 cells),scRNA-seq of human PCLS,Aug 03 2021,,lung,https://www.ncbi.nlm.nih.gov/geo/query/acc.cgi?acc=GSE181388,workspace/data/scrna/GSE181388_new.h5ad
GSE188676_new,scrna,GSE188676,GSE188676,retina,mouse,Mus musculus,22360,GEO cellranger (22360 cells),Serine Palmitoyltransferase Controls Stemness of Intestinal Progenitors.,Nov 12 2021,,Intestinal Organoids,https://www.ncbi.nlm.nih.gov/geo/query/acc.cgi?acc=GSE188676,workspace/data/scrna/GSE188676_new.h5ad
GSE125449_new,scrna,GSE125449,GSE125449,liver,human,Homo sapiens,5115,GEO cellranger (5115 cells),Tumor cell biodiversity drives microenvironmental reprogramming in liver cancer,Jan 22 2019,31588021,Primary liver cancer single-cell,https://www.ncbi.nlm.nih.gov/geo/query/acc.cgi?acc=GSE125449,workspace/data/scrna/GSE125449_new.h5ad
GSE128033_new,scrna,GSE128033,GSE128033,immune,human,Homo sapiens,737280,GEO cellranger (737280 cells),Proliferating SPP1/MERTK-expressing macrophages in idiopathic pulmonary fibrosis,Mar 07 2019,31221805; 37706427; 37566492,mix of upper + lower lobe lung_healthy donor,https://www.ncbi.nlm.nih.gov/geo/query/acc.cgi?acc=GSE128033,workspace/data/scrna/GSE128033_new.h5ad
GSE138794_new,scrna,GSE138794,GSE138794,brain,human,Homo sapiens,2888,GEO cellranger (2888 cells),A single cell atlas of human glioma,Oct 11 2019,31554641,Brain,https://www.ncbi.nlm.nih.gov/geo/query/acc.cgi?acc=GSE138794,workspace/data/scrna/GSE138794_new.h5ad
GSE159519_new,scrna,GSE159519,GSE159519,lung,human,Homo sapiens,13229,GEO cellranger (13229 cells),Identification of required host factors for SARS-CoV-2 infection in human cells [ECCITE-seq],Oct 19 2020,33147445,ECCITE-seq cDNA: A549-ACE2,https://www.ncbi.nlm.nih.gov/geo/query/acc.cgi?acc=GSE159519,workspace/data/scrna/GSE159519_new.h5ad
GSE161277_new,scrna,GSE161277,GSE161277,kidney,human,Homo sapiens,2947,GEO cellranger (2947 cells),Dissecting the Epithelial and Immune Evolution during Colorectal Carcinogenesis by Single-Cell RNA Sequencing,Nov 11 2020,35221332,Colorectal,https://www.ncbi.nlm.nih.gov/geo/query/acc.cgi?acc=GSE161277,workspace/data/scrna/GSE161277_new.h5ad
GSE173193_new,scrna,GSE173193,GSE173193,adipose,human,Homo sapiens,7829,GEO cellranger (7829 cells),Single cell RNA-sequencing reveals placenta cellular heterogeneity in adverse pregnancy,Apr 23 2021,34025588; 36111571,placenta,https://www.ncbi.nlm.nih.gov/geo/query/acc.cgi?acc=GSE173193,workspace/data/scrna/GSE173193_new.h5ad
GSE190604_new,scrna,GSE190604,GSE190604,ovary,human,Homo sapiens,103805,GEO cellranger (103805 cells),CRISPR activation and interference screens decode stimulation responses in primary human T cells [CRISPRa Perturb-seq],Dec 09 2021,35113687,Primary bulk T cells,https://www.ncbi.nlm.nih.gov/geo/query/acc.cgi?acc=GSE190604,workspace/data/scrna/GSE190604_new.h5ad
GSE120926_new,scrna,GSE120926,GSE120926,unknown,human,Homo sapiens,102525,GEO cellranger (102525 cells),"Single-cell RNA sequencing defines the interplay between tumor cells, virus and microenvironment in nasopharyngeal carcinoma",Oct 08 2018,32901110,NPC cells,https://www.ncbi.nlm.nih.gov/geo/query/acc.cgi?acc=GSE120926,workspace/data/scrna/GSE120926_new.h5ad
GSE189357_new,scrna,GSE189357,GSE189357,colon,human,Homo sapiens,15216,GEO cellranger (15216 cells),Spatiotemporal transcriptional atlas of lung adenocarcinoma from adenocarcinoma in situ to invasive carcinoma [scRNA-seq],Nov 22 2021,36434043,Lung adenocarcinoma,https://www.ncbi.nlm.nih.gov/geo/query/acc.cgi?acc=GSE189357,workspace/data/scrna/GSE189357_new.h5ad
GSE208074_new,scrna,GSE208074,GSE208074,unknown,human,Homo sapiens,8048,GEO cellranger (8048 cells),Low-Intensity Pulsed Ultrasound Effects on the Human Blood Brain Barrier,Jul 12 2022,,peritumoral brain,https://www.ncbi.nlm.nih.gov/geo/query/acc.cgi?acc=GSE208074,workspace/data/scrna/GSE208074_new.h5ad
GSE220297_new,scrna,GSE220297,GSE220297,unknown,pig,Sus scrofa,9721,GEO cellranger (9721 cells),Single-cell transcriptomic analysis reveals transcriptional and cell subpopulation differences between human and pig immune cells,Dec 07 2022,,blood,https://www.ncbi.nlm.nih.gov/geo/query/acc.cgi?acc=GSE220297,workspace/data/scrna/GSE220297_new.h5ad
GSE220840_new,scrna,GSE220840,GSE220840,unknown,human,Homo sapiens,4913,GEO cellranger (4913 cells),Origin of extra-embryonic mesenchyme points to evolutionary novelty in primate early development [scRNA-seq],Dec 13 2022,40220298,Human induced pluripotent stem cell,https://www.ncbi.nlm.nih.gov/geo/query/acc.cgi?acc=GSE220840,workspace/data/scrna/GSE220840_new.h5ad
GSE260778_new,scrna,GSE260778,GSE260778,unknown,human,Homo sapiens,3842,GEO cellranger (3842 cells),Fate mapping of human P63+ progenitor in vivo by single cell transcriptomic analysis [scRNA_seq],Mar 04 2024,39900892,Lung,https://www.ncbi.nlm.nih.gov/geo/query/acc.cgi?acc=GSE260778,workspace/data/scrna/GSE260778_new.h5ad
GSE264586_new,scrna,GSE264586,GSE264586,unknown,human,Homo sapiens,13254,GEO cellranger (13254 cells),Sitravatinib in combination with nivolumab plus ipilimumab in patients with advanced clear cell renal cell carcinoma: a phase 1 trial,Apr 22 2024,39794332,Lymph node,https://www.ncbi.nlm.nih.gov/geo/query/acc.cgi?acc=GSE264586,workspace/data/scrna/GSE264586_new.h5ad
GSE270891_new,scrna,GSE270891,GSE270891,unknown,human,Homo sapiens,8920,GEO cellranger (8920 cells),BRAFV600E induces key features of LCH in iPSCs with cell type–specific phenotypes and drug responses,Jun 26 2024,39630039,iPSC,https://www.ncbi.nlm.nih.gov/geo/query/acc.cgi?acc=GSE270891,workspace/data/scrna/GSE270891_new.h5ad
GSE273423_new,scrna,GSE273423,GSE273423,unknown,human,Homo sapiens,7226,GEO cellranger (7226 cells),NKG2C and NKG2A coexpression defines a highly functional antiviral NK population in spontaneous HIV control,Jul 30 2024,39288262,Blood,https://www.ncbi.nlm.nih.gov/geo/query/acc.cgi?acc=GSE273423,workspace/data/scrna/GSE273423_new.h5ad
GSE274905_new,scrna,GSE274905,GSE274905,unknown,human,Homo sapiens,30634,GEO cellranger (30634 cells),A multiplex single-cell RNA-seq pharmacotranscriptomics pipeline for drug discovery,Aug 15 2024,39482470,JHOS2 (CVCL_4647),https://www.ncbi.nlm.nih.gov/geo/query/acc.cgi?acc=GSE274905,workspace/data/scrna/GSE274905_new.h5ad
GSE279264_new,scrna,GSE279264,GSE279264,unknown,human,Homo sapiens,12071,GEO cellranger (12071 cells),"Generation of human induced pluripotent stem cell-derived 3D human cortical, striatal, mesencephalic and diencephalic organoids",Oct 11 2024,,hiPS cell-deerived regionalized organoids,https://www.ncbi.nlm.nih.gov/geo/query/acc.cgi?acc=GSE279264,workspace/data/scrna/GSE279264_new.h5ad
GSE280258_new,scrna,GSE280258,GSE280258,unknown,human,Homo sapiens,11104,GEO cellranger (11104 cells),Distinct features of a peripheral T-helper subset that drives the B-cell response in dengue virus infection,Oct 24 2024,40073863,PBMC,https://www.ncbi.nlm.nih.gov/geo/query/acc.cgi?acc=GSE280258,workspace/data/scrna/GSE280258_new.h5ad
GSE280767_new,scrna,GSE280767,GSE280767,unknown,human,Homo sapiens,11645,GEO cellranger (11645 cells),Adenine base editors induce off-target structure variations in mouse embryos and primary human T cells,Oct 31 2024,39529170,PBMC,https://www.ncbi.nlm.nih.gov/geo/query/acc.cgi?acc=GSE280767,workspace/data/scrna/GSE280767_new.h5ad
GSE283554_new,scrna,GSE283554,GSE283554,unknown,human,Homo sapiens,6119,GEO cellranger (6119 cells),A CRISPR/Cas9-based enhancement of high-throughput single-cell transcriptomics,Dec 05 2024,40389438,PBMC,https://www.ncbi.nlm.nih.gov/geo/query/acc.cgi?acc=GSE283554,workspace/data/scrna/GSE283554_new.h5ad
GSE193807_new,scrna,GSE193807,GSE193807,unknown,human,Homo sapiens,8647,GEO cellranger (8647 cells),Single cell RNA-Seq analysis of irradiated and non-irradiated skin cells in a nuclear accident patient.,Jan 17 2022,39346541,skin,https://www.ncbi.nlm.nih.gov/geo/query/acc.cgi?acc=GSE193807,workspace/data/scrna/GSE193807_new.h5ad
GSE216673_new,scrna,GSE216673,GSE216673,unknown,human,Homo sapiens,13867,GEO cellranger (13867 cells),TREX1 is required for microglial cholesterol homeostasis and subsequent oligodendrocyte maturation during brain development [scRNA-seq],Oct 27 2022,38129659,embryonic stem cell,https://www.ncbi.nlm.nih.gov/geo/query/acc.cgi?acc=GSE216673,workspace/data/scrna/GSE216673_new.h5ad
GSE232938_new,scrna,GSE232938,GSE232938,unknown,human,Homo sapiens,13070,GEO cellranger (13070 cells),LINE1 and PRC2 control nucleolar organization and repression of the 8C-state in human ESCs [scRNA-seq],May 19 2023,39413784,H9,https://www.ncbi.nlm.nih.gov/geo/query/acc.cgi?acc=GSE232938,workspace/data/scrna/GSE232938_new.h5ad
GSE253936_new,scrna,GSE253936,GSE253936,unknown,human,Homo sapiens,3267,GEO cellranger (3267 cells),Expansion effect of romiplostim on hematopoietic stem and progenitor cells versus other thrombopoietin receptor agonists,Jan 22 2024,39302624,cord blood-derived CD34+ cells,https://www.ncbi.nlm.nih.gov/geo/query/acc.cgi?acc=GSE253936,workspace/data/scrna/GSE253936_new.h5ad
GSE272457_new,scrna,GSE272457,GSE272457,unknown,human,Homo sapiens,8265,GEO cellranger (8265 cells),Characterization and bioinformatic filtering of ambient gRNAs in single-cell CRISPR screens using CLEANSER [scRNA-seq],Jul 17 2024,39282389; 39914388,HEK293T/17,https://www.ncbi.nlm.nih.gov/geo/query/acc.cgi?acc=GSE272457,workspace/data/scrna/GSE272457_new.h5ad
