dataset_id,gse,path_abs,tissue,organism,cell_count,n_genes,modality,provenance_dir,format,priority_guess
bm_GSE120446,GSE120446,/home/zeyufu/Downloads/DevelopmentDatasets/bm_GSE120446.h5ad,bone_marrow_blood,unknown,90653,33694,scRNA,/home/zeyufu/Downloads/DevelopmentDatasets,h5ad,1
endo,unknown,/home/zeyufu/Downloads/DevelopmentDatasets/endo.h5ad,pancreas,unknown,2531,27998,scRNA,/home/zeyufu/Downloads/DevelopmentDatasets,h5ad,1
GSE148215_hESCHSPCD8Hm,GSE148215,/home/zeyufu/Downloads/DevelopmentDatasets/GSE148215_hESCHSPCD8Hm.h5ad,immune,human,10110,33538,scRNA,/home/zeyufu/Downloads/DevelopmentDatasets,h5ad,1
setty,unknown,/home/zeyufu/Downloads/DevelopmentDatasets/setty.h5ad,unknown,unknown,5780,27876,scRNA,/home/zeyufu/Downloads/DevelopmentDatasets,h5ad,1
GSE120505_bloodAged,GSE120505,/home/zeyufu/Downloads/DevelopmentDatasets/GSE120505_bloodAged.h5ad,unknown,unknown,14588,14697,scRNA,/home/zeyufu/Downloads/DevelopmentDatasets,h5ad,1
hESC_GSE144024,GSE144024,/home/zeyufu/Downloads/DevelopmentDatasets/hESC_GSE144024.h5ad,stem_cell,human,9485,20335,scRNA,/home/zeyufu/Downloads/DevelopmentDatasets,h5ad,1
GSE192857_hESCHmTimes,GSE192857,/home/zeyufu/Downloads/DevelopmentDatasets/GSE192857_hESCHmTimes.h5ad,stem_cell,human,11067,33538,scRNA,/home/zeyufu/Downloads/DevelopmentDatasets,h5ad,1
ifnHSPC_GSE226824,GSE226824,/home/zeyufu/Downloads/DevelopmentDatasets/ifnHSPC_GSE226824.h5ad,unknown,unknown,13310,27998,scRNA,/home/zeyufu/Downloads/DevelopmentDatasets,h5ad,1
GSE167597_spineMm,GSE167597,/home/zeyufu/Downloads/DevelopmentDatasets/GSE167597_spineMm.h5ad,unknown,unknown,16042,21457,scRNA,/home/zeyufu/Downloads/DevelopmentDatasets,h5ad,1
lung,unknown,/home/zeyufu/Downloads/DevelopmentDatasets/lung.h5ad,lung,unknown,24882,24051,scRNA,/home/zeyufu/Downloads/DevelopmentDatasets,h5ad,1
hemato,unknown,/home/zeyufu/Downloads/DevelopmentDatasets/hemato.h5ad,bone_marrow_blood,unknown,22602,32288,scRNA,/home/zeyufu/Downloads/DevelopmentDatasets,h5ad,1
dentate,unknown,/home/zeyufu/Downloads/DevelopmentDatasets/dentate.h5ad,brain_neural,mouse,18213,27998,scRNA,/home/zeyufu/Downloads/DevelopmentDatasets,h5ad,1
GSE165844_LSKMmBatch,GSE165844,/home/zeyufu/Downloads/DevelopmentDatasets/GSE165844_LSKMmBatch.h5ad,bone_marrow_blood,mouse,19791,26599,scRNA,/home/zeyufu/Downloads/DevelopmentDatasets,h5ad,1
GSE253355_bmNicheHm,GSE253355,/home/zeyufu/Downloads/DevelopmentDatasets/GSE253355_bmNicheHm.h5ad,bone_marrow_blood,unknown,99846,33538,scRNA,/home/zeyufu/Downloads/DevelopmentDatasets,h5ad,1
GSE226131_HSCMmAged,GSE226131,/home/zeyufu/Downloads/DevelopmentDatasets/GSE226131_HSCMmAged.h5ad,bone_marrow_blood,unknown,15793,31053,scRNA,/home/zeyufu/Downloads/DevelopmentDatasets,h5ad,1
GSE213740_ADHm,GSE213740,/home/zeyufu/Downloads/DevelopmentDatasets2/GSE213740_ADHm.h5ad,unknown,unknown,23871,58825,scRNA,/home/zeyufu/Downloads/DevelopmentDatasets2,h5ad,1
GSE247719_PanSci_05_Muscle_adata,GSE247719,/home/zeyufu/Downloads/DevelopmentDatasets2/GSE247719_PanSci_05_Muscle_adata.h5ad,muscle,unknown,696410,55416,scRNA,/home/zeyufu/Downloads/DevelopmentDatasets2,h5ad,1
GSE115571_LPSMmDev,GSE115571,/home/zeyufu/Downloads/DevelopmentDatasets2/GSE115571_LPSMmDev.h5ad,unknown,unknown,19998,14426,scRNA,/home/zeyufu/Downloads/DevelopmentDatasets2,h5ad,1
GSE275119_TeethMmDev,GSE275119,/home/zeyufu/Downloads/DevelopmentDatasets2/GSE275119_TeethMmDev.h5ad,teeth,unknown,6764,31053,scRNA,/home/zeyufu/Downloads/DevelopmentDatasets2,h5ad,1
GSE130148_LungHmDev,GSE130148,/home/zeyufu/Downloads/DevelopmentDatasets2/GSE130148_LungHmDev.h5ad,lung,unknown,10360,16327,scRNA,/home/zeyufu/Downloads/DevelopmentDatasets2,h5ad,1
GSE247719_PanSci_T_cell_adata,GSE247719,/home/zeyufu/Downloads/DevelopmentDatasets2/GSE247719_PanSci_T_cell_adata.h5ad,unknown,unknown,957975,55416,scRNA,/home/zeyufu/Downloads/DevelopmentDatasets2,h5ad,1
GSE145929_UrineMmDev,GSE145929,/home/zeyufu/Downloads/DevelopmentDatasets2/GSE145929_UrineMmDev.h5ad,kidney,unknown,29331,31053,scRNA,/home/zeyufu/Downloads/DevelopmentDatasets2,h5ad,1
GSE142653pitHmDev,GSE142653,/home/zeyufu/Downloads/DevelopmentDatasets2/GSE142653pitHmDev.h5ad,pituitary,unknown,5181,24190,scRNA,/home/zeyufu/Downloads/DevelopmentDatasets2,h5ad,1
GSE165784_RetinaHmDev,GSE165784,/home/zeyufu/Downloads/DevelopmentDatasets2/GSE165784_RetinaHmDev.h5ad,retina,unknown,11492,15897,scRNA,/home/zeyufu/Downloads/DevelopmentDatasets2,h5ad,1
GSE189070_astrocytesSCIMmDev,GSE189070,/home/zeyufu/Downloads/DevelopmentDatasets2/GSE189070_astrocytesSCIMmDev.h5ad,unknown,unknown,103446,27999,scRNA,/home/zeyufu/Downloads/DevelopmentDatasets2,h5ad,1
GSE145929_ProgastinMmDev,GSE145929,/home/zeyufu/Downloads/DevelopmentDatasets2/GSE145929_ProgastinMmDev.h5ad,unknown,unknown,61014,31053,scRNA,/home/zeyufu/Downloads/DevelopmentDatasets2,h5ad,1
GSE225948_bloodMmStrokeDev,GSE225948,/home/zeyufu/Downloads/DevelopmentDatasets2/GSE225948_bloodMmStrokeDev.h5ad,unknown,unknown,SKIPPED_>5GB,SKIPPED_>5GB,scRNA,/home/zeyufu/Downloads/DevelopmentDatasets2,h5ad,1
GSE143423_lbm_CancerBrainHm,GSE143423,/home/zeyufu/Downloads/CancerDatasets/GSE143423_lbm_CancerBrainHm.h5ad,bone_marrow_blood,unknown,12196,13375,scRNA,/home/zeyufu/Downloads/CancerDatasets,h5ad,1
GSE98638_TcellLiverHmCancer,GSE98638,/home/zeyufu/Downloads/CancerDatasets/GSE98638_TcellLiverHmCancer.h5ad,liver,unknown,5063,23459,scRNA,/home/zeyufu/Downloads/CancerDatasets,h5ad,1
GSE148218_bmALLHmCancer,GSE148218,/home/zeyufu/Downloads/CancerDatasets/GSE148218_bmALLHmCancer.h5ad,bone_marrow_blood,unknown,50747,32738,scRNA,/home/zeyufu/Downloads/CancerDatasets,h5ad,1
GSE155109_bcStromaHmCancer,GSE155109,/home/zeyufu/Downloads/CancerDatasets/GSE155109_bcStromaHmCancer.h5ad,breast,unknown,18082,13342,scRNA,/home/zeyufu/Downloads/CancerDatasets,h5ad,1
GSE183904_GastricHmCancer,GSE183904,/home/zeyufu/Downloads/CancerDatasets/GSE183904_GastricHmCancer.h5ad,stomach,human,SKIPPED_>5GB,SKIPPED_>5GB,scRNA,/home/zeyufu/Downloads/CancerDatasets,h5ad,1
GSE262288_breastMetasisHmCancer,GSE262288,/home/zeyufu/Downloads/CancerDatasets/GSE262288_breastMetasisHmCancer.h5ad,breast,human,157518,31915,scRNA,/home/zeyufu/Downloads/CancerDatasets,h5ad,1
GSE123813_bccHmCancer,GSE123813,/home/zeyufu/Downloads/CancerDatasets/GSE123813_bccHmCancer.h5ad,skin,unknown,SKIPPED_>5GB,SKIPPED_>5GB,scRNA,/home/zeyufu/Downloads/CancerDatasets,h5ad,1
GSE123902_LungAdreHmCancer,GSE123902,/home/zeyufu/Downloads/CancerDatasets/GSE123902_LungAdreHmCancer.h5ad,lung,unknown,42847,12604,scRNA,/home/zeyufu/Downloads/CancerDatasets,h5ad,1
GSE132509_acutelymluekPBMCHmCancer,GSE132509,/home/zeyufu/Downloads/CancerDatasets/GSE132509_acutelymluekPBMCHmCancer.h5ad,bone_marrow_blood,human,39375,33694,scRNA,/home/zeyufu/Downloads/CancerDatasets,h5ad,1
GSE235787_bcellsALLHmCancer,GSE235787,/home/zeyufu/Downloads/CancerDatasets/GSE235787_bcellsALLHmCancer.h5ad,breast,unknown,113495,18082,scRNA,/home/zeyufu/Downloads/CancerDatasets,h5ad,1
GSE222002_TcellsHmCancer,GSE222002,/home/zeyufu/Downloads/CancerDatasets/GSE222002_TcellsHmCancer.h5ad,immune,unknown,78315,32285,scRNA,/home/zeyufu/Downloads/CancerDatasets,h5ad,1
GSE225600_breast_CancerHm,GSE225600,/home/zeyufu/Downloads/CancerDatasets/GSE225600_breast_CancerHm.h5ad,breast,human,81683,36601,scRNA,/home/zeyufu/Downloads/CancerDatasets,h5ad,1
GSE155109_bcECHmCancer,GSE155109,/home/zeyufu/Downloads/CancerDatasets/GSE155109_bcECHmCancer.h5ad,breast,unknown,8433,12214,scRNA,/home/zeyufu/Downloads/CancerDatasets,h5ad,1
GSE143423_tnbc_CancerBrainHm,GSE143423,/home/zeyufu/Downloads/CancerDatasets/GSE143423_tnbc_CancerBrainHm.h5ad,brain_neural,unknown,7246,19826,scRNA,/home/zeyufu/Downloads/CancerDatasets,h5ad,1
GSE123813_sccHmCancer,GSE123813,/home/zeyufu/Downloads/CancerDatasets/GSE123813_sccHmCancer.h5ad,skin,unknown,26016,18347,scRNA,/home/zeyufu/Downloads/CancerDatasets,h5ad,1
GSE222369_NKsLymphomaHmCancer,GSE222369,/home/zeyufu/Downloads/CancerDatasets/GSE222369_NKsLymphomaHmCancer.h5ad,immune,human,138805,36601,scRNA,/home/zeyufu/Downloads/CancerDatasets,h5ad,1
GSE124310_MMHmCancer,GSE124310,/home/zeyufu/Downloads/CancerDatasets2/GSE124310_MMHmCancer.h5ad,unknown,mouse,27796,33694,scRNA,/home/zeyufu/Downloads/CancerDatasets2,h5ad,1
GSE189357_lungAdreHmCancer,GSE189357,/home/zeyufu/Downloads/CancerDatasets2/GSE189357_lungAdreHmCancer.h5ad,lung,unknown,45938,33538,scRNA,/home/zeyufu/Downloads/CancerDatasets2,h5ad,1
GSE163558_stomachHmCancer,GSE163558,/home/zeyufu/Downloads/CancerDatasets2/GSE163558_stomachHmCancer.h5ad,stomach,unknown,54687,33538,scRNA,/home/zeyufu/Downloads/CancerDatasets2,h5ad,1
GSE228499_breastHmCancer,GSE228499,/home/zeyufu/Downloads/CancerDatasets2/GSE228499_breastHmCancer.h5ad,breast,human,32349,36626,scRNA,/home/zeyufu/Downloads/CancerDatasets2,h5ad,1
GSE138709_LiverCancer,GSE138709,/home/zeyufu/Downloads/CancerDatasets2/GSE138709_LiverCancer.h5ad,liver,unknown,33991,11737,scRNA,/home/zeyufu/Downloads/CancerDatasets2,h5ad,1
GSE283205_hepatoblastomaCancer,GSE283205,/home/zeyufu/Downloads/CancerDatasets2/GSE283205_hepatoblastomaCancer.h5ad,liver,unknown,16506,18082,scRNA,/home/zeyufu/Downloads/CancerDatasets2,h5ad,1
GSE168181_BreastHmCancer,GSE168181,/home/zeyufu/Downloads/CancerDatasets2/GSE168181_BreastHmCancer.h5ad,breast,human,23556,31053,scRNA,/home/zeyufu/Downloads/CancerDatasets2,h5ad,1
GSE117988_MCCPBMCCancer,GSE117988,/home/zeyufu/Downloads/CancerDatasets2/GSE117988_MCCPBMCCancer.h5ad,bone_marrow_blood,human,12874,17712,scRNA,/home/zeyufu/Downloads/CancerDatasets2,h5ad,1
GSE120575_melanomaHmCancer,GSE120575,/home/zeyufu/Downloads/CancerDatasets2/GSE120575_melanomaHmCancer.h5ad,skin,human,SKIPPED_>5GB,SKIPPED_>5GB,scRNA,/home/zeyufu/Downloads/CancerDatasets2,h5ad,1
GSE117988_MCCTumorCancer,GSE117988,/home/zeyufu/Downloads/CancerDatasets2/GSE117988_MCCTumorCancer.h5ad,unknown,unknown,7431,21861,scRNA,/home/zeyufu/Downloads/CancerDatasets2,h5ad,1
GSE149655_CAHmCancer,GSE149655,/home/zeyufu/Downloads/CancerDatasets2/GSE149655_CAHmCancer.h5ad,unknown,unknown,13060,33538,scRNA,/home/zeyufu/Downloads/CancerDatasets2,h5ad,1
GSE225857_liverColonMetasisHmCancer,GSE225857,/home/zeyufu/Downloads/CancerDatasets2/GSE225857_liverColonMetasisHmCancer.h5ad,liver,unknown,22260,17943,scRNA,/home/zeyufu/Downloads/CancerDatasets2,h5ad,1
bm_GSE120446,GSE120446,/home/zeyufu/LAB/DATA/bm_GSE120446.h5ad,bone_marrow_blood,unknown,90653,33694,scRNA,/home/zeyufu/LAB/DATA,h5ad,2
endo,unknown,/home/zeyufu/LAB/DATA/endo.h5ad,pancreas,unknown,2531,27998,scRNA,/home/zeyufu/LAB/DATA,h5ad,2
lsklk,unknown,/home/zeyufu/LAB/DATA/lsklk.h5ad,bone_marrow_blood,mouse,46447,27207,scRNA,/home/zeyufu/LAB/DATA,h5ad,2
setty,unknown,/home/zeyufu/LAB/DATA/setty.h5ad,unknown,unknown,5780,27876,scRNA,/home/zeyufu/LAB/DATA,h5ad,2
GSE130646_muscleHm,GSE130646,/home/zeyufu/LAB/DATA/GSE130646_muscleHm.h5ad,muscle,unknown,2876,15406,scRNA,/home/zeyufu/LAB/DATA,h5ad,2
pbmc,unknown,/home/zeyufu/LAB/DATA/pbmc.h5ad,bone_marrow_blood,human,2700,32738,scRNA,/home/zeyufu/LAB/DATA,h5ad,2
hESC_GSE144024,GSE144024,/home/zeyufu/LAB/DATA/hESC_GSE144024.h5ad,stem_cell,human,9485,20335,scRNA,/home/zeyufu/LAB/DATA,h5ad,2
GSE255019_hematoMmAged,GSE255019,/home/zeyufu/LAB/DATA/GSE255019_hematoMmAged.h5ad,bone_marrow_blood,unknown,22602,32288,scRNA,/home/zeyufu/LAB/DATA,h5ad,2
irall,unknown,/home/zeyufu/LAB/DATA/irall.h5ad,bone_marrow_blood,unknown,41252,18876,scRNA,/home/zeyufu/LAB/DATA,h5ad,2
neurons,unknown,/home/zeyufu/LAB/DATA/neurons.h5ad,brain_neural,unknown,20990,22806,scRNA,/home/zeyufu/LAB/DATA,h5ad,2
endo_GSE84133,GSE84133,/home/zeyufu/LAB/DATA/endo_GSE84133.h5ad,pancreas,unknown,8569,20125,scRNA,/home/zeyufu/LAB/DATA,h5ad,2
paul,unknown,/home/zeyufu/LAB/DATA/paul.h5ad,unknown,mouse,2730,3451,scRNA,/home/zeyufu/LAB/DATA,h5ad,2
ifnHSPC_GSE226824,GSE226824,/home/zeyufu/LAB/DATA/ifnHSPC_GSE226824.h5ad,unknown,unknown,13310,27998,scRNA,/home/zeyufu/LAB/DATA,h5ad,2
pbmc3k_raw,unknown,/home/zeyufu/LAB/DATA/pbmc3k_raw.h5ad,bone_marrow_blood,human,2700,32738,scRNA,/home/zeyufu/LAB/DATA,h5ad,2
Myoblast_GSE52529,GSE52529,/home/zeyufu/LAB/DATA/Myoblast_GSE52529.h5ad,muscle,mouse,372,33083,scRNA,/home/zeyufu/LAB/DATA,h5ad,2
lung,unknown,/home/zeyufu/LAB/DATA/lung.h5ad,lung,unknown,24882,24051,scRNA,/home/zeyufu/LAB/DATA,h5ad,2
spinoids,unknown,/home/zeyufu/LAB/DATA/spinoids.h5ad,brain_neural,mouse,9619,20790,scRNA,/home/zeyufu/LAB/DATA,h5ad,2
dentate,unknown,/home/zeyufu/LAB/DATA/dentate.h5ad,brain_neural,mouse,18213,27998,scRNA,/home/zeyufu/LAB/DATA,h5ad,2
paul15,unknown,/home/zeyufu/LAB/DATA/paul15/paul15.h5,unknown,mouse,unknown,unknown,scRNA,/home/zeyufu/LAB/DATA/paul15,h5_10x,2
bm_GSE120446,GSE120446,/home/zeyufu/vGAE_LAB/data/bm_GSE120446.h5ad,bone_marrow_blood,unknown,90653,33694,scRNA,/home/zeyufu/vGAE_LAB/data,h5ad,2
endo,unknown,/home/zeyufu/vGAE_LAB/data/endo.h5ad,pancreas,unknown,2531,27998,scRNA,/home/zeyufu/vGAE_LAB/data,h5ad,2
lsklk,unknown,/home/zeyufu/vGAE_LAB/data/lsklk.h5ad,bone_marrow_blood,mouse,46447,27207,scRNA,/home/zeyufu/vGAE_LAB/data,h5ad,2
setty,unknown,/home/zeyufu/vGAE_LAB/data/setty.h5ad,unknown,unknown,5780,27876,scRNA,/home/zeyufu/vGAE_LAB/data,h5ad,2
pbmc,unknown,/home/zeyufu/vGAE_LAB/data/pbmc.h5ad,bone_marrow_blood,human,2700,32738,scRNA,/home/zeyufu/vGAE_LAB/data,h5ad,2
hESC_GSE144024,GSE144024,/home/zeyufu/vGAE_LAB/data/hESC_GSE144024.h5ad,stem_cell,human,9485,20335,scRNA,/home/zeyufu/vGAE_LAB/data,h5ad,2
irall,unknown,/home/zeyufu/vGAE_LAB/data/irall.h5ad,bone_marrow_blood,unknown,41252,18876,scRNA,/home/zeyufu/vGAE_LAB/data,h5ad,2
neurons,unknown,/home/zeyufu/vGAE_LAB/data/neurons.h5ad,brain_neural,unknown,20990,22806,scRNA,/home/zeyufu/vGAE_LAB/data,h5ad,2
endo_GSE84133,GSE84133,/home/zeyufu/vGAE_LAB/data/endo_GSE84133.h5ad,pancreas,unknown,8569,20125,scRNA,/home/zeyufu/vGAE_LAB/data,h5ad,2
muscle,unknown,/home/zeyufu/vGAE_LAB/data/muscle.h5ad,muscle,unknown,2876,15406,scRNA,/home/zeyufu/vGAE_LAB/data,h5ad,2
paul,unknown,/home/zeyufu/vGAE_LAB/data/paul.h5ad,unknown,mouse,2730,3451,scRNA,/home/zeyufu/vGAE_LAB/data,h5ad,2
ifnHSPC_GSE226824,GSE226824,/home/zeyufu/vGAE_LAB/data/ifnHSPC_GSE226824.h5ad,unknown,unknown,13310,27998,scRNA,/home/zeyufu/vGAE_LAB/data,h5ad,2
Myoblast_GSE52529,GSE52529,/home/zeyufu/vGAE_LAB/data/Myoblast_GSE52529.h5ad,muscle,mouse,372,33083,scRNA,/home/zeyufu/vGAE_LAB/data,h5ad,2
lung,unknown,/home/zeyufu/vGAE_LAB/data/lung.h5ad,lung,unknown,24882,24051,scRNA,/home/zeyufu/vGAE_LAB/data,h5ad,2
hemato,unknown,/home/zeyufu/vGAE_LAB/data/hemato.h5ad,bone_marrow_blood,unknown,22602,32288,scRNA,/home/zeyufu/vGAE_LAB/data,h5ad,2
spinoids,unknown,/home/zeyufu/vGAE_LAB/data/spinoids.h5ad,brain_neural,mouse,9619,20790,scRNA,/home/zeyufu/vGAE_LAB/data,h5ad,2
dentate,unknown,/home/zeyufu/vGAE_LAB/data/dentate.h5ad,brain_neural,mouse,18213,27998,scRNA,/home/zeyufu/vGAE_LAB/data,h5ad,2
paul15,unknown,/home/zeyufu/vGAE_LAB/data/paul15/paul15.h5,unknown,mouse,unknown,unknown,scRNA,/home/zeyufu/vGAE_LAB/data/paul15,h5_10x,2
IRall1,unknown,/home/zeyufu/LAB/SCRL/IRall1.h5ad,bone_marrow_blood,unknown,41252,18876,scRNA,/home/zeyufu/LAB/SCRL,h5ad,2
IRALL,unknown,/home/zeyufu/LAB/SCRL/IRALL.h5ad,bone_marrow_blood,unknown,41252,18876,scRNA,/home/zeyufu/LAB/SCRL,h5ad,2
Endocri,unknown,/home/zeyufu/LAB/SCRL/Endocri.h5ad,pancreas,unknown,2531,27998,scRNA,/home/zeyufu/LAB/SCRL,h5ad,2
WT_0311,unknown,/home/zeyufu/LAB/SCRL/WT_0311.h5ad,unknown,unknown,SKIPPED_>5GB,SKIPPED_>5GB,scRNA,/home/zeyufu/LAB/SCRL,h5ad,2
wtko0312,unknown,/home/zeyufu/LAB/SCRL/wtko0312.h5ad,unknown,unknown,10224,15711,scRNA,/home/zeyufu/LAB/SCRL,h5ad,2
setty_bone_marrow,unknown,/home/zeyufu/LAB/SCRL/data/setty_bone_marrow.h5ad,bone_marrow_blood,unknown,5780,27876,scRNA,/home/zeyufu/LAB/SCRL/data,h5ad,2
zebrafish_embryogenesis_axial_mesoderm,unknown,/home/zeyufu/LAB/SCRL/data/zebrafish_embryogenesis_axial_mesoderm.h5ad,unknown,mouse,2434,23974,scRNA,/home/zeyufu/LAB/SCRL/data,h5ad,2
2020-11-14_MK_morris_reprogramming,unknown,/home/zeyufu/LAB/SCRL/data/2020-11-14_MK_morris_reprogramming.h5ad,unknown,unknown,104679,22630,scRNA,/home/zeyufu/LAB/SCRL/data,h5ad,2
lung_regeneration_after_bleo,unknown,/home/zeyufu/LAB/SCRL/data/lung_regeneration_after_bleo.h5ad,lung,mouse,24882,24051,scRNA,/home/zeyufu/LAB/SCRL/data,h5ad,2
reprogramming_schiebinger_only_serum,unknown,/home/zeyufu/LAB/SCRL/data/reprogramming_schiebinger_only_serum.h5ad,unknown,unknown,165892,19089,scRNA,/home/zeyufu/LAB/SCRL/data,h5ad,2
endocrinogenesis_day15.5,unknown,/home/zeyufu/LAB/SCRL/data/endocrinogenesis_day15.5.h5ad,pancreas,unknown,2531,27998,scRNA,/home/zeyufu/LAB/SCRL/data,h5ad,2
paul15,unknown,/home/zeyufu/LAB/SCRL/data/paul15/paul15.h5,unknown,mouse,unknown,unknown,scRNA,/home/zeyufu/LAB/SCRL/data/paul15,h5_10x,2
erythroid_lineage,unknown,/home/zeyufu/LAB/SCRL/data/Gastrulation/erythroid_lineage.h5ad,unknown,unknown,9815,53801,scRNA,/home/zeyufu/LAB/SCRL/data/Gastrulation,h5ad,2
adata,unknown,/home/zeyufu/Downloads/adata.h5ad,unknown,unknown,2730,3451,scRNA,/home/zeyufu/Downloads,h5ad,2
hESC_GSE144024,GSE144024,/home/zeyufu/Downloads/hESC_GSE144024.h5ad,stem_cell,human,9485,20335,scRNA,/home/zeyufu/Downloads,h5ad,2
endo,unknown,/home/zeyufu/LAB/SCFOCUS/export_datas/endo.h5ad,pancreas,unknown,2531,27998,scRNA,/home/zeyufu/LAB/SCFOCUS/export_datas,h5ad,2
setty,unknown,/home/zeyufu/LAB/SCFOCUS/export_datas/setty.h5ad,unknown,unknown,5780,27876,scRNA,/home/zeyufu/LAB/SCFOCUS/export_datas,h5ad,2
pbmc,unknown,/home/zeyufu/LAB/SCFOCUS/export_datas/pbmc.h5ad,bone_marrow_blood,human,2700,32738,scRNA,/home/zeyufu/LAB/SCFOCUS/export_datas,h5ad,2
neurons,unknown,/home/zeyufu/LAB/SCFOCUS/export_datas/neurons.h5ad,brain_neural,unknown,20990,22806,scRNA,/home/zeyufu/LAB/SCFOCUS/export_datas,h5ad,2
muscle,unknown,/home/zeyufu/LAB/SCFOCUS/export_datas/muscle.h5ad,muscle,unknown,2876,15406,scRNA,/home/zeyufu/LAB/SCFOCUS/export_datas,h5ad,2
paul,unknown,/home/zeyufu/LAB/SCFOCUS/export_datas/paul.h5ad,unknown,mouse,2730,3451,scRNA,/home/zeyufu/LAB/SCFOCUS/export_datas,h5ad,2
lung,unknown,/home/zeyufu/LAB/SCFOCUS/export_datas/lung.h5ad,lung,unknown,24882,24051,scRNA,/home/zeyufu/LAB/SCFOCUS/export_datas,h5ad,2
hemato,unknown,/home/zeyufu/LAB/SCFOCUS/export_datas/hemato.h5ad,bone_marrow_blood,unknown,22602,32288,scRNA,/home/zeyufu/LAB/SCFOCUS/export_datas,h5ad,2
spinoids,unknown,/home/zeyufu/LAB/SCFOCUS/export_datas/spinoids.h5ad,brain_neural,mouse,9619,20790,scRNA,/home/zeyufu/LAB/SCFOCUS/export_datas,h5ad,2
dentate,unknown,/home/zeyufu/LAB/SCFOCUS/export_datas/dentate.h5ad,brain_neural,mouse,18213,27998,scRNA,/home/zeyufu/LAB/SCFOCUS/export_datas,h5ad,2
pbmc3k_raw,unknown,/home/zeyufu/LAB/SCFOCUS/data/pbmc3k_raw.h5ad,bone_marrow_blood,human,2700,32738,scRNA,/home/zeyufu/LAB/SCFOCUS/data,h5ad,2
LSKbatch,unknown,/home/zeyufu/LAB/IVAE/LSKbatch.h5ad,bone_marrow_blood,mouse,16879,31053,scRNA,/home/zeyufu/LAB/IVAE,h5ad,2
aml,unknown,/home/zeyufu/LAB/IVAE/aml.h5ad,unknown,unknown,42398,33538,scRNA,/home/zeyufu/LAB/IVAE,h5ad,2
MouseBrain,unknown,/home/zeyufu/LAB/IAODEVAE/iAODE_results/MB/MouseBrain.h5ad,brain_neural,mouse,4008,5000,scRNA,/home/zeyufu/LAB/IAODEVAE/iAODE_results,h5ad,1
PBMC,unknown,/home/zeyufu/LAB/IAODEVAE/iAODE_results/PBMC/PBMC.h5ad,bone_marrow_blood,human,10273,5000,scRNA,/home/zeyufu/LAB/IAODEVAE/iAODE_results,h5ad,1
mouse_brain_5k_v1.1,unknown,/home/zeyufu/LAB/IAODEVAE/iAODE/examples/data/mouse_brain_5k_v1.1.h5,brain_neural,mouse,5337,157797,scRNA,/home/zeyufu/LAB/IAODEVAE/iAODE/examples/data,h5_10x,1
SubSampledIRALL,unknown,/home/zeyufu/LAB/scCCVGBen/CG_results/SubSampledIRALL.h5ad,bone_marrow_blood,unknown,3000,1527,scRNA,/home/zeyufu/LAB/scCCVGBen/CG_results,h5ad,2
SubSampledSD,unknown,/home/zeyufu/LAB/scCCVGBen/CG_results/SubSampledSD.h5ad,unknown,unknown,3000,5000,scRNA,/home/zeyufu/LAB/scCCVGBen/CG_results,h5ad,2
SubSampledUCB,unknown,/home/zeyufu/LAB/scCCVGBen/CG_results/SubSampledUCB.h5ad,unknown,unknown,3000,3144,scRNA,/home/zeyufu/LAB/scCCVGBen/CG_results,h5ad,2
SubSampledIR,unknown,/home/zeyufu/LAB/MCC_results/SubSampledIR.h5ad,unknown,unknown,3000,1527,scRNA,/home/zeyufu/LAB/MCC_results,h5ad,2
SubSampledUCB,unknown,/home/zeyufu/LAB/MCC_results/SubSampledUCB.h5ad,unknown,unknown,3000,3144,scRNA,/home/zeyufu/LAB/MCC_results,h5ad,2
AML_code,unknown,/home/zeyufu/LAB/CODEVAE/AML_code.h5ad,unknown,unknown,10224,15711,scRNA,/home/zeyufu/LAB/CODEVAE,h5ad,1
UCB_code,unknown,/home/zeyufu/LAB/CODEVAE/UCB_code.h5ad,unknown,unknown,39851,36601,scRNA,/home/zeyufu/LAB/CODEVAE,h5ad,1
GSE213740_ADHm,GSE213740,/home/zeyufu/LAB/CODEVAE/code_batch_2000/GSE213740_ADHm.h5ad,unknown,unknown,2000,4681,scRNA,/home/zeyufu/LAB/CODEVAE/code_batch_2000,h5ad,1
GSE163558_stomachHmCancer,GSE163558,/home/zeyufu/LAB/CODEVAE/code_batch_2000/GSE163558_stomachHmCancer.h5ad,stomach,unknown,2000,3374,scRNA,/home/zeyufu/LAB/CODEVAE/code_batch_2000,h5ad,1
GSE228499_breastHmCancer,GSE228499,/home/zeyufu/LAB/CODEVAE/code_batch_2000/GSE228499_breastHmCancer.h5ad,breast,human,2000,3275,scRNA,/home/zeyufu/LAB/CODEVAE/code_batch_2000,h5ad,1
GSE148218_bmALLHmCancer,GSE148218,/home/zeyufu/LAB/CODEVAE/code_batch_2000/GSE148218_bmALLHmCancer.h5ad,bone_marrow_blood,unknown,2000,3129,scRNA,/home/zeyufu/LAB/CODEVAE/code_batch_2000,h5ad,1
GSE183904_GastricHmCancer,GSE183904,/home/zeyufu/LAB/CODEVAE/code_batch_2000/GSE183904_GastricHmCancer.h5ad,stomach,human,2000,2388,scRNA,/home/zeyufu/LAB/CODEVAE/code_batch_2000,h5ad,1
GSE262288_breastMetasisHmCancer,GSE262288,/home/zeyufu/LAB/CODEVAE/code_batch_2000/GSE262288_breastMetasisHmCancer.h5ad,breast,human,2000,1671,scRNA,/home/zeyufu/LAB/CODEVAE/code_batch_2000,h5ad,1
GSE115571_LPSMmDev,GSE115571,/home/zeyufu/LAB/CODEVAE/code_batch_2000/GSE115571_LPSMmDev.h5ad,unknown,unknown,2000,3400,scRNA,/home/zeyufu/LAB/CODEVAE/code_batch_2000,h5ad,1
GSE123902_LungAdreHmCancer,GSE123902,/home/zeyufu/LAB/CODEVAE/code_batch_2000/GSE123902_LungAdreHmCancer.h5ad,lung,unknown,2000,2774,scRNA,/home/zeyufu/LAB/CODEVAE/code_batch_2000,h5ad,1
GSE132509_acutelymluekPBMCHmCancer,GSE132509,/home/zeyufu/LAB/CODEVAE/code_batch_2000/GSE132509_acutelymluekPBMCHmCancer.h5ad,bone_marrow_blood,human,2000,1920,scRNA,/home/zeyufu/LAB/CODEVAE/code_batch_2000,h5ad,1
GSE168181_BreastHmCancer,GSE168181,/home/zeyufu/LAB/CODEVAE/code_batch_2000/GSE168181_BreastHmCancer.h5ad,breast,human,2000,2305,scRNA,/home/zeyufu/LAB/CODEVAE/code_batch_2000,h5ad,1
GSE222002_TcellsHmCancer,GSE222002,/home/zeyufu/LAB/CODEVAE/code_batch_2000/GSE222002_TcellsHmCancer.h5ad,immune,unknown,2000,2704,scRNA,/home/zeyufu/LAB/CODEVAE/code_batch_2000,h5ad,1
GSE145929_UrineMmDev,GSE145929,/home/zeyufu/LAB/CODEVAE/code_batch_2000/GSE145929_UrineMmDev.h5ad,kidney,unknown,2000,2089,scRNA,/home/zeyufu/LAB/CODEVAE/code_batch_2000,h5ad,1
GSE149655_CAHmCancer,GSE149655,/home/zeyufu/LAB/CODEVAE/code_batch_2000/GSE149655_CAHmCancer.h5ad,unknown,unknown,2000,4803,scRNA,/home/zeyufu/LAB/CODEVAE/code_batch_2000,h5ad,1
GSE225857_liverColonMetasisHmCancer,GSE225857,/home/zeyufu/LAB/CODEVAE/code_batch_2000/GSE225857_liverColonMetasisHmCancer.h5ad,liver,unknown,2000,2106,scRNA,/home/zeyufu/LAB/CODEVAE/code_batch_2000,h5ad,1
worm_neuron_cell,unknown,/home/zeyufu/LAB/LAIOR/Liora/laior/unified_models1/scDeepCluster-main/scRNA-seq data/worm_neuron_cell.h5,brain_neural,unknown,unknown,unknown,scRNA,/home/zeyufu/LAB/LAIOR/scRNA-seq_data,h5_10x,2
mouse_bladder_cell,unknown,/home/zeyufu/LAB/LAIOR/Liora/laior/unified_models1/scDeepCluster-main/scRNA-seq data/mouse_bladder_cell.h5,unknown,mouse,unknown,unknown,scRNA,/home/zeyufu/LAB/LAIOR/scRNA-seq_data,h5_10x,2
worm_neuron_cell_select_2100,unknown,/home/zeyufu/LAB/LAIOR/Liora/laior/unified_models1/scDeepCluster-main/scRNA-seq data/worm_neuron_cell_select_2100.h5,brain_neural,unknown,unknown,unknown,scRNA,/home/zeyufu/LAB/LAIOR/scRNA-seq_data,h5_10x,2
mouse_bladder_cell_select_2100,unknown,/home/zeyufu/LAB/LAIOR/Liora/laior/unified_models1/scDeepCluster-main/scRNA-seq data/mouse_bladder_cell_select_2100.h5,unknown,mouse,unknown,unknown,scRNA,/home/zeyufu/LAB/LAIOR/scRNA-seq_data,h5_10x,2
10X_PBMC_select_2100,unknown,/home/zeyufu/LAB/LAIOR/Liora/laior/unified_models1/scDeepCluster-main/scRNA-seq data/10X_PBMC_select_2100.h5,bone_marrow_blood,human,unknown,unknown,scRNA,/home/zeyufu/LAB/LAIOR/scRNA-seq_data,h5_10x,2
mouse_ES_cell,unknown,/home/zeyufu/LAB/LAIOR/Liora/laior/unified_models1/scDeepCluster-main/scRNA-seq data/mouse_ES_cell.h5,unknown,mouse,unknown,unknown,scRNA,/home/zeyufu/LAB/LAIOR/scRNA-seq_data,h5_10x,2
10X_PBMC,unknown,/home/zeyufu/LAB/LAIOR/Liora/laior/unified_models1/scDeepCluster-main/scRNA-seq data/10X_PBMC.h5,bone_marrow_blood,human,unknown,unknown,scRNA,/home/zeyufu/LAB/LAIOR/scRNA-seq_data,h5_10x,2
mouse_ES_cell_select_2100,unknown,/home/zeyufu/LAB/LAIOR/Liora/laior/unified_models1/scDeepCluster-main/scRNA-seq data/mouse_ES_cell_select_2100.h5,unknown,mouse,unknown,unknown,scRNA,/home/zeyufu/LAB/LAIOR/scRNA-seq_data,h5_10x,2
AML,unknown,/home/zeyufu/LAB/SCRL/data/AML,unknown,unknown,unknown,unknown,scRNA,/home/zeyufu/LAB/SCRL/data,raw_directory,2
DentateGyrus,unknown,/home/zeyufu/LAB/SCRL/data/DentateGyrus,brain_neural,mouse,unknown,unknown,scRNA,/home/zeyufu/LAB/SCRL/data,raw_directory,2
Gastrulation,unknown,/home/zeyufu/LAB/SCRL/data/Gastrulation,unknown,unknown,unknown,unknown,scRNA,/home/zeyufu/LAB/SCRL/data,raw_directory,2
moignard15,unknown,/home/zeyufu/LAB/SCRL/data/moignard15,unknown,unknown,unknown,unknown,scRNA,/home/zeyufu/LAB/SCRL/data,raw_directory,2
paul15,unknown,/home/zeyufu/LAB/SCRL/data/paul15,unknown,mouse,unknown,unknown,scRNA,/home/zeyufu/LAB/SCRL/data,raw_directory,2
GSE137540_RAW,GSE137540,/home/zeyufu/LAB/SCRL/data/GSE137540_RAW.tar,unknown,unknown,unknown,unknown,scRNA,/home/zeyufu/LAB/SCRL/data,raw_tarball,2
