filename_key,modality,claimed,actual,mismatch,var_sample
GSE115571_LPSMmDev,scrna,mouse,unknown,False,"['0610005C13Rik', '0610007P14Rik', '0610009B22Rik', '0610009D07Rik', '0610009E02Rik']"
GSE117988_MCCPBMCCancer,scrna,human,human,False,"['RP11-34P13.7', 'FO538757.2', 'AP006222.2', 'RP4-669L17.10', 'RP11-206L10.9']"
GSE120505_bloodAged,scrna,human,mouse,True,"['Mrpl15', 'Lypla1', 'Tcea1', 'Atp6v1h', 'Rb1cc1']"
GSE123813_bccHmCancer,scrna,human,human,False,"['FO538757.2', 'AP006222.2', 'RP11-206L10.9', 'LINC00115', 'FAM41C']"
GSE123902_LungAdreHmCancer,scrna,human,human,False,"['TSPAN6', 'DPM1', 'SCYL3', 'C1ORF112', 'FGR']"
GSE124310_MMHmCancer,scrna,human,human,False,"['RP11-34P13.3', 'FAM138A', 'OR4F5', 'RP11-34P13.7', 'RP11-34P13.8']"
GSE130148_LungHmDev,scrna,human,human,False,"['A1BG-AS1', 'A2M', 'A2M-AS1', 'A4GALT', 'AAAS']"
GSE130646_muscleHm,scrna,human,human,False,"['RP11-34P13.7', 'AP006222.2', 'RP4-669L17.10', 'RP11-206L10.3', 'RP11-206L10.2']"
GSE132509_acutelymluekPBMCHmCancer,scrna,human,human,False,"['RP11-34P13.3', 'FAM138A', 'OR4F5', 'RP11-34P13.7', 'RP11-34P13.8']"
GSE138709_LiverCancer,scrna,human,human,False,"['AP006222.2', 'LINC00115', 'FAM41C', 'NOC2L', 'PLEKHN1']"
GSE142653pitHmDev,scrna,human,human,False,"['A1BG', 'A1BG-AS1', 'A1CF', 'A2M', 'A2M-AS1']"
GSE143423_lbm_CancerBrainHm,scrna,human,human,False,"['FO538757.2', 'AP006222.2', 'RP11-206L10.9', 'FAM41C', 'RP11-54O7.1']"
GSE145929_ProgastinMmDev,scrna,mouse,mouse,False,"['Xkr4', 'Gm1992', 'Gm37381', 'Rp1', 'Sox17']"
GSE148215_hESCHSPCD8Hm,scrna,human,human,False,"['ENSG00000243485', 'ENSG00000237613', 'ENSG00000186092', 'ENSG00000238009', 'ENSG00000239945']"
GSE148218_bmALLHmCancer,scrna,human,human,False,"['MIR1302-10', 'FAM138A', 'OR4F5', 'RP11-34P13.7', 'RP11-34P13.8']"
GSE149655_CAHmCancer,scrna,human,human,False,"['MIR1302-2HG', 'FAM138A', 'OR4F5', 'AL627309.1', 'AL627309.3']"
GSE155109_bcECHmCancer,scrna,human,human,False,"['NOC2L', 'ISG15', 'AGRN', 'C1orf159', 'TTLL10']"
GSE165784_RetinaHmDev,scrna,human,human,False,"['TSPAN6', 'DPM1', 'SCYL3', 'C1orf112', 'FGR']"
GSE165844_LSKMmBatch,scrna,mouse,mouse,False,"['Xkr4', 'Gm1992', 'Gm37381', 'Rp1', 'Sox17']"
GSE167597_spineMm,scrna,mouse,mouse,False,"['GFP-Plasmid', 'Xkr4', 'Gm1992', 'Gm37381', 'Rp1']"
GSE168181_BreastHmCancer,scrna,human,mouse,True,"['Xkr4', 'Gm1992', 'Gm37381', 'Rp1', 'Sox17']"
GSE183904_GastricHmCancer,scrna,human,human,False,"['AL627309.1', 'AL669831.5', 'FAM87B', 'LINC00115', 'FAM41C']"
GSE189070_astrocytesSCIMmDev,scrna,mouse,mouse,False,"['Xkr4', 'Gm1992', 'Gm37381', 'Rp1', 'Rp1-1']"
GSE189357_lungAdreHmCancer,scrna,human,human,False,"['MIR1302-2HG', 'FAM138A', 'OR4F5', 'AL627309.1', 'AL627309.3']"
GSE192857_hESCHmTimes,scrna,human,human,False,"['MIR1302-2HG', 'FAM138A', 'OR4F5', 'AL627309.1', 'AL627309.3']"
GSE213740_ADHm,scrna,human,human,False,"['DDX11L1', 'WASH7P', 'MIR6859-1', 'MIR1302-2HG', 'MIR1302-2']"
GSE222002_TcellsHmCancer,scrna,human,mouse,True,"['Xkr4', 'Gm1992', 'Gm19938', 'Gm37381', 'Rp1']"
GSE222369_NKsLymphomaHmCancer,scrna,human,human,False,"['MIR1302-2HG', 'FAM138A', 'OR4F5', 'AL627309.1', 'AL627309.3']"
GSE225600_breast_CancerHm,scrna,human,human,False,"['MIR1302-2HG', 'FAM138A', 'OR4F5', 'AL627309.1', 'AL627309.3']"
GSE225857_liverColonMetasisHmCancer,scrna,human,human,False,"['SAMD11', 'NOC2L', 'KLHL17', 'PLEKHN1', 'PERM1']"
GSE226131_HSCMmAged,scrna,mouse,mouse,False,"['Xkr4', 'Gm1992', 'Gm37381', 'Rp1', 'Sox17']"
GSE228499_breastHmCancer,scrna,human,human,False,"['MIR1302-2HG', 'FAM138A', 'OR4F5', 'AL627309.1', 'AL627309.3']"
GSE235787_bcellsALLHmCancer,scrna,human,human,False,"['SAMD11', 'NOC2L', 'KLHL17', 'PLEKHN1', 'PERM1']"
GSE247719_PanSci_05_Muscle_adata,scrna,human,mouse,True,"['ENSMUSG00000102693.2', 'ENSMUSG00000064842.3', 'ENSMUSG00000051951.6', 'ENSMUSG00000102851.2', 'ENSMUSG00000103377.2']"
GSE253355_bmNicheHm,scrna,human,human,False,"['MIR1302-2HG', 'FAM138A', 'OR4F5', 'AL627309.1', 'AL627309.3']"
GSE255019_hematoMmAged,scrna,mouse,mouse,False,"['Xkr4', 'Gm1992', 'Gm19938', 'Gm37381', 'Rp1']"
GSE262288_breastMetasisHmCancer,scrna,human,human,False,"['MIR1302-2HG', 'FAM138A', 'OR4F5', 'AL627309.1', 'AL627309.3']"
GSE275119_TeethMmDev,scrna,mouse,mouse,False,"['Xkr4', 'Gm1992', 'Gm37381', 'Rp1', 'Sox17']"
GSE283205_hepatoblastomaCancer,scrna,human,human,False,"['SAMD11', 'NOC2L', 'KLHL17', 'PLEKHN1', 'PERM1']"
GSE98638_TcellLiverHmCancer,scrna,human,human,False,"['A1BG', 'NAT2', 'ADA', 'CDH2', 'AKT3']"
bm_GSE120446,scrna,human,human,False,"['RP11-34P13.3', 'FAM138A', 'OR4F5', 'RP11-34P13.7', 'RP11-34P13.8']"
dentate,scrna,human,mouse,True,"['Xkr4', 'Gm37381', 'Rp1', 'Rp1', 'Sox17']"
endo,scrna,human,mouse,True,"['Xkr4', 'Gm37381', 'Rp1', 'Rp1-1', 'Sox17']"
endo_GSE84133,scrna,human,human,False,"['A1BG', 'A1CF', 'A2M', 'A2ML1', 'A4GALT']"
hESC_GSE144024,scrna,human,human,False,"['AL627309.1', 'AL669831.5', 'LINC00115', 'FAM41C', 'AL645608.3']"
ifnHSPC_GSE226824,scrna,human,mouse,True,"['Xkr4', 'Gm1992', 'Gm37381', 'Rp1', 'Rp1-1']"
lung,scrna,human,unknown,False,"['0610005C13Rik', '0610007N19Rik', '0610007P14Rik', '0610008F07Rik', '0610009B14Rik']"
setty,scrna,human,human,False,"['FAM138A', 'RP11-34P13.7', 'RP11-34P13.8', 'FO538757.1', 'AP006222.2']"
GSE174367_snATAC-seq_filtered_peak_bc_matrix,scatac,human,unknown,False,"['chr1:190849-191920', 'chr1:629708-630559', 'chr1:631640-631948', 'chr1:632511-633105', 'chr1:633740-634682']"
GSE198730_aPSM_scATAC_rep1_filtered_peak_bc_matrix,scatac,human,unknown,False,"['chr1:3670429-3672707', 'chr1:3841940-3842730', 'chr1:3994779-3995094', 'chr1:4142488-4142884', 'chr1:4228168-4228565']"
GSE198730_naive_ESC_scATAC_rep1_filtered_peak_bc_matrix,scatac,human,unknown,False,"['chr1:3062638-3063206', 'chr1:3343432-3344497', 'chr1:3445511-3446316', 'chr1:3482598-3483397', 'chr1:3549313-3549660']"
GSE206767_filtered_peak_bc_matrix,scatac,human,unknown,False,"['chr1:9957-10504', 'chr1:29214-29497', 'chr1:96515-96531', 'chr1:138992-139414', 'chr1:180791-181515']"
GSM5124061_PDX_390_vehicle_peak_bc_matrix,scatac,human,unknown,False,"['chr1:10379-10416', 'chr1:564829-565560', 'chr1:567076-567079', 'chr1:569167-569652', 'chr1:713611-715499']"
GSM5342788_scB_filtered_peak_bc_matrix,scatac,human,unknown,False,"['chr1:10237-10292', 'chr1:181294-181647', 'chr1:191342-191550', 'chr1:629708-630758', 'chr1:631512-633027']"
GSM5402770_P115L1mutP_filtered_peak_bc_matrix,scatac,human,unknown,False,"['chr1:3100535-3101052', 'chr1:3119746-3120119', 'chr1:3164897-3165175', 'chr1:3212187-3213390', 'chr1:3248925-3249569']"
GSM5402771_NF_2-004_filtered_peak_bc_matrix,scatac,human,unknown,False,"['chr1:10333-10580', 'chr1:565094-565558', 'chr1:568531-569652', 'chr1:713594-715435', 'chr1:752477-752958']"
GSM5766892_d0-ctrl_filtered_peak_bc_matrix,scatac,human,unknown,False,"['chr1:629742-630143', 'chr1:633794-634264', 'chr1:778194-779422', 'chr1:826893-827834', 'chr1:844500-845053']"
GSM5766893_d20-ctrl_filtered_peak_bc_matrix,scatac,human,unknown,False,"['chr1:191350-191550', 'chr1:267831-268196', 'chr1:586021-586376', 'chr1:629728-630171', 'chr1:633792-634264']"
GSM5769453_WT_S_filtered_peak_bc_matrix,scatac,human,unknown,False,"['1:4202-4421', '1:5793-6487', '1:11035-13088', '1:16653-25058', '1:27178-29433']"
GSM5769456_DTR_S_filtered_peak_bc_matrix,scatac,human,unknown,False,"['1:5958-6149', '1:10940-12521', '1:13173-13432', '1:16501-20833', '1:21682-25139']"
GSM5769460_Day5_DTR_S_filtered_peak_bc_matrix,scatac,human,unknown,False,"['1:5764-6731', '1:10978-12378', '1:13006-13588', '1:16655-25068', '1:27127-29298']"
GSM5769461_Day5_DTR_U_filtered_peak_bc_matrix,scatac,human,unknown,False,"['1:5696-6300', '1:11027-12400', '1:13047-13308', '1:14280-14306', '1:16655-20675']"
GSM5769462_Day7_DTR_S_filtered_peak_bc_matrix,scatac,human,unknown,False,"['1:10946-13481', '1:16661-20769', '1:21468-25045', '1:27100-28225', '1:29023-29638']"
GSM5769463_Day7_DTR_U_filtered_peak_bc_matrix,scatac,human,unknown,False,"['1:5793-6297', '1:10959-12423', '1:16655-20748', '1:21687-25051', '1:27081-28249']"
GSM5975165_Arm_d60_filtered_peak_bc_matrix,scatac,human,unknown,False,"['chr1:4490224-4491025', 'chr1:4496063-4496942', 'chr1:4747804-4748676', 'chr1:4768104-4769016', 'chr1:4769718-4770565']"
GSM5975166_Arm_d200_filtered_peak_bc_matrix,scatac,human,unknown,False,"['chr1:4332182-4333081', 'chr1:4345888-4346785', 'chr1:4416490-4417418', 'chr1:4468813-4469613', 'chr1:4470081-4470878']"
GSM6044072_1P_human_filtered_peak_bc_matrix,scatac,human,unknown,False,"['chr1:267832-268188', 'chr1:629372-630227', 'chr1:631146-632046', 'chr1:633784-634667', 'chr1:778251-779759']"
GSM6044073_2P_human_filtered_peak_bc_matrix,scatac,human,unknown,False,"['chr1:267811-268201', 'chr1:502463-502850', 'chr1:629367-634958', 'chr1:778227-779306', 'chr1:817119-817593']"
GSM6044075_1LM_human_filtered_peak_bc_matrix,scatac,human,unknown,False,"['chr1:267808-268206', 'chr1:629392-630179', 'chr1:631148-631863', 'chr1:633786-634272', 'chr1:778213-779925']"
GSM6044076_2LM_human_filtered_peak_bc_matrix,scatac,human,unknown,False,"['chr1:267800-268209', 'chr1:502507-502757', 'chr1:629397-630184', 'chr1:631148-632031', 'chr1:633784-634628']"
GSM6044077_4LM_human_filtered_peak_bc_matrix,scatac,human,unknown,False,"['chr1:267800-268207', 'chr1:502482-502824', 'chr1:586033-586371', 'chr1:629392-630252', 'chr1:631147-632039']"
GSM6052781_E13,scatac,human,unknown,False,"['chr1:3094973-3095049', 'chr1:3132128-3132460', 'chr1:3445081-3445195', 'chr1:3476939-3477990', 'chr1:3493628-3493979']"
GSM6052782_E16,scatac,human,unknown,False,"['chr1:3094589-3095380', 'chr1:3119545-3120668', 'chr1:3121357-3121689', 'chr1:3444874-3445225', 'chr1:3477032-3477925']"
GSM6052783_P0_filtered_peak_bc_matrix,scatac,human,unknown,False,"['chr1:3094391-3095603', 'chr1:3119849-3120154', 'chr1:3252559-3253109', 'chr1:3477219-3477878', 'chr1:3493767-3493828']"
GSM6214534_2_CLPL_filtered_peak_bc_matrix,scatac,human,unknown,False,"['chr1:3485005-3485940', 'chr1:3495035-3495786', 'chr1:3514603-3515519', 'chr1:3549705-3550407', 'chr1:3550995-3551859']"
GSM6214535_4_SI_IEL_filtered_peak_bc_matrix,scatac,human,unknown,False,"['chr1:3514598-3515510', 'chr1:4332190-4333089', 'chr1:4490183-4490983', 'chr1:4496044-4496939', 'chr1:4537288-4538086']"
GSM6449878_NSCLC8_TIL_eTreg_scATAC_filtered_peak_bc_matrix,scatac,human,unknown,False,"['chr1:10004-10430', 'chr1:180620-181746', 'chr1:267813-268193', 'chr1:629711-630181', 'chr1:631243-631844']"
GSM6449879_NSCLC14_NormalLung_TregandCD8posT_scATAC_filtered_peak_bc_matrix,scatac,human,unknown,False,"['chr1:180767-181671', 'chr1:191386-192020', 'chr1:267826-268186', 'chr1:629710-630225', 'chr1:631528-632027']"
GSM6449880_HD4_PBMC_eTreg_scATAC_filtered_peak_bc_matrix,scatac,human,unknown,False,"['chr1:191326-191973', 'chr1:629712-630179', 'chr1:631697-631707', 'chr1:633786-634272', 'chr1:778173-779335']"
GSM6449881_HD4_CD4CD25posT_scATAC_filtered_peak_bc_matrix,scatac,human,unknown,False,"['chr1:91295-91382', 'chr1:180741-181721', 'chr1:191247-192060', 'chr1:267826-268188', 'chr1:629105-632087']"
GSM6449882_HD4_PBMC_nTreg_scATAC_filtered_peak_bc_matrix,scatac,human,unknown,False,"['chr1:91272-91390', 'chr1:181270-181722', 'chr1:191633-192034', 'chr1:267831-268186', 'chr1:629423-632088']"
GSM6638254_filtered_peak_bc_matrix,scatac,human,unknown,False,"['chr1:9874-10709', 'chr1:90980-91542', 'chr1:521400-521711', 'chr1:540424-541091', 'chr1:565452-565920']"
GSM6783751_d20-p100_filtered_peak_bc_matrix,scatac,human,unknown,False,"['chr1:268080-268162', 'chr1:629734-630163', 'chr1:633792-634268', 'chr1:778170-779447', 'chr1:826641-827920']"
GSM6783752_d20-p200_filtered_peak_bc_matrix,scatac,human,unknown,False,"['chr1:190859-191623', 'chr1:267843-268176', 'chr1:629726-630169', 'chr1:633794-634264', 'chr1:778176-779438']"
GSM7056609_HP_20210331_MONOS_filtered_peak_bc_matrix,scatac,human,unknown,False,"['chr1:3445851-3446257', 'chr1:4401472-4401866', 'chr1:4412302-4412936', 'chr1:4414159-4415196', 'chr1:4416678-4417106']"
GSM7062446_Naive_filtered_peak_bc_matrix,scatac,human,unknown,False,"['chr1:4332452-4332639', 'chr1:4490581-4490723', 'chr1:4491676-4493603', 'chr1:4495948-4497495', 'chr1:4747765-4748730']"
GSM7062447_D2_filtered_peak_bc_matrix,scatac,human,unknown,False,"['chr1:3670815-3671715', 'chr1:4332545-4332632', 'chr1:4490457-4490886', 'chr1:4491549-4493795', 'chr1:4494429-4494838']"
GSM7062448_D8-1_filtered_peak_bc_matrix,scatac,human,unknown,False,"['chr1:4332523-4332650', 'chr1:4495979-4497130', 'chr1:4745460-4746003', 'chr1:4747495-4749007', 'chr1:4768247-4769162']"
GSM7062449_D8-2_filtered_peak_bc_matrix,scatac,human,unknown,False,"['chr1:4332432-4332836', 'chr1:4416762-4416922', 'chr1:4470136-4470634', 'chr1:4490556-4490858', 'chr1:4491551-4493564']"
GSM7062450_D180_filtered_peak_bc_matrix,scatac,human,unknown,False,"['chr1:4332435-4332836', 'chr1:4468412-4470690', 'chr1:4490385-4495196', 'chr1:4495713-4498001', 'chr1:4747488-4749017']"
GSM7064214_19_D003_filtered_peak_bc_matrix,scatac,human,unknown,False,"['chr1:565112-565549', 'chr1:569174-569642', 'chr1:713667-714774', 'chr1:762593-763190', 'chr1:805071-805570']"
GSM7064215_19_D005_filtered_peak_bc_matrix,scatac,human,unknown,False,"['chr1:565117-565543', 'chr1:569175-570288', 'chr1:713346-715324', 'chr1:762451-763285', 'chr1:804938-805732']"
GSM7064216_19_D006_filtered_peak_bc_matrix,scatac,human,unknown,False,"['chr1:565108-565552', 'chr1:569173-569647', 'chr1:713617-715303', 'chr1:762460-763246', 'chr1:805008-805709']"
GSM7064217_19_D007_filtered_peak_bc_matrix,scatac,human,unknown,False,"['chr1:565108-565551', 'chr1:569172-569647', 'chr1:713735-714755', 'chr1:762654-763160', 'chr1:805062-805571']"
GSM7308367_Exp157DukeaBMTB_filtered_peak_bc_matrix,scatac,human,unknown,False,"['chr1:180688-181405', 'chr1:191113-192052', 'chr1:267580-268526', 'chr1:585798-586657', 'chr1:629518-630397']"
GSM7308369_Exp157DukeaBMTC_filtered_peak_bc_matrix,scatac,human,unknown,False,"['chr1:9801-10692', 'chr1:180587-181327', 'chr1:191291-192132', 'chr1:267564-268457', 'chr1:585756-586650']"
GSM7734290_Naive_filtered_peak_bc_matrix,scatac,human,unknown,False,"['chr1:4332549-4332640', 'chr1:4491661-4493416', 'chr1:4496001-4497351', 'chr1:4747741-4748716', 'chr1:4768240-4769014']"
GSM7734291_D2_filtered_peak_bc_matrix,scatac,human,unknown,False,"['chr1:3670894-3670958', 'chr1:4332445-4332836', 'chr1:4490521-4490899', 'chr1:4491542-4493789', 'chr1:4494460-4494508']"
GSM7734292_D8_filtered_peak_bc_matrix,scatac,human,unknown,False,"['chr1:4332439-4332833', 'chr1:4491789-4492664', 'chr1:4493214-4493579', 'chr1:4496003-4497271', 'chr1:4747571-4748947']"
GSM7734711_MGH227_filtered_peak_bc_matrix,scatac,human,unknown,False,"['chr1:9870-10717', 'chr1:180880-181900', 'chr1:183825-184676', 'chr1:191017-191936', 'chr1:267601-268542']"
GSM7734712_MGH230_filtered_peak_bc_matrix,scatac,human,unknown,False,"['chr1:191016-191925', 'chr1:267557-268457', 'chr1:585761-586650', 'chr1:605047-605953', 'chr1:629502-630397']"
GSM7734713_MGH231_filtered_peak_bc_matrix,scatac,human,unknown,False,"['chr1:180962-181841', 'chr1:183904-184752', 'chr1:191006-191916', 'chr1:267559-268456', 'chr1:585746-586642']"
GSM7734714_MGH232_filtered_peak_bc_matrix,scatac,human,unknown,False,"['chr1:191007-191912', 'chr1:267558-268455', 'chr1:585752-586649', 'chr1:623987-624230', 'chr1:628902-629676']"
GSM7734715_MGH234_filtered_peak_bc_matrix,scatac,human,unknown,False,"['chr1:180981-181788', 'chr1:191016-191924', 'chr1:267621-268475', 'chr1:629405-630396', 'chr1:631327-632215']"
GSM7734716_MGH236_filtered_peak_bc_matrix,scatac,human,unknown,False,"['chr1:180955-181827', 'chr1:191033-191946', 'chr1:267572-268456', 'chr1:604972-605872', 'chr1:629430-630400']"
GSM7734717_MGH239_filtered_peak_bc_matrix,scatac,human,unknown,False,"['chr1:628593-629180', 'chr1:629507-630407', 'chr1:633588-634827', 'chr1:778296-779183', 'chr1:816783-817745']"
GSM7777060_CTRL_filtered_peak_bc_matrix,scatac,human,unknown,False,"['chr1:15798-16678', 'chr1:180984-181757', 'chr1:184013-184743', 'chr1:186362-187244', 'chr1:191246-192119']"
GSM7777061_2DG_filtered_peak_bc_matrix,scatac,human,unknown,False,"['chr1:15795-16679', 'chr1:180814-181879', 'chr1:183964-184758', 'chr1:186372-187239', 'chr1:191191-192114']"
GSM7777062_DON_filtered_peak_bc_matrix,scatac,human,unknown,False,"['chr1:15793-16662', 'chr1:180986-181753', 'chr1:184050-184826', 'chr1:186341-187257', 'chr1:191194-192094']"
GSM7777063_AOA_filtered_peak_bc_matrix,scatac,human,unknown,False,"['chr1:15796-16683', 'chr1:180705-181005', 'chr1:181089-181823', 'chr1:184038-184821', 'chr1:186351-187237']"
GSM7884540_D013_13_lobe_atac_filtered_peak_bc_matrix,scatac,human,unknown,False,"['chr1:9808-10689', 'chr1:180863-181654', 'chr1:183935-184688', 'chr1:186549-187451', 'chr1:191040-191916']"
GSM7884541_D027_13_lobe_atac_filtered_peak_bc_matrix,scatac,human,unknown,False,"['chr1:9789-10671', 'chr1:180739-181672', 'chr1:191037-191934', 'chr1:629845-630784', 'chr1:633580-634475']"
GSM7884543_D030_13_macular_atac_filtered_peak_bc_matrix,scatac,human,unknown,False,"['chr1:191032-191888', 'chr1:629410-630398', 'chr1:633525-634821', 'chr1:777420-777915', 'chr1:778352-779231']"
GSM7884545_D021_13_lobe_atac_filtered_peak_bc_matrix,scatac,human,unknown,False,"['chr1:9818-10716', 'chr1:181018-181833', 'chr1:183944-184792', 'chr1:186563-187444', 'chr1:191039-191932']"
GSM7884549_D009_13_lobe_atac_filtered_peak_bc_matrix,scatac,human,unknown,False,"['chr1:9751-10646', 'chr1:180567-181272', 'chr1:190954-191868', 'chr1:595151-596049', 'chr1:628761-629619']"
GSM7884550_D005_13_lobe_atac_filtered_peak_bc_matrix,scatac,human,unknown,False,"['chr1:181010-181758', 'chr1:186585-187518', 'chr1:190752-191931', 'chr1:629527-630401', 'chr1:633585-634472']"
GSM8248668_4WKs_LN_neg_filtered_peak_bc_matrix,scatac,human,unknown,False,"['chr1:180885-181019', 'chr1:267916-268163', 'chr1:586031-586370', 'chr1:629891-630109', 'chr1:630965-631428']"
GSM8248669_8WKs_NegBCG_filtered_peak_bc_matrix,scatac,human,unknown,False,"['chr1:267813-268199', 'chr1:586010-586397', 'chr1:630970-631416', 'chr1:633816-634234', 'chr1:778176-779449']"
GSM8248670_8WKs_PosBCG_filtered_peak_bc_matrix,scatac,human,unknown,False,"['chr1:267843-268167', 'chr1:586019-586386', 'chr1:629778-630109', 'chr1:630965-631422', 'chr1:633809-634240']"
GSM8248672_370_neg_BCG_8wk_filtered_peak_bc_matrix,scatac,human,unknown,False,"['chr1:633829-634217', 'chr1:778236-779274', 'chr1:820052-820056', 'chr1:827100-827815', 'chr1:865598-866016']"
GSM8248673_374_AS01_8wk_filtered_peak_bc_matrix,scatac,human,unknown,False,"['chr1:629728-630168', 'chr1:633794-634264', 'chr1:778213-779313', 'chr1:827041-827825', 'chr1:865598-866024']"
GSM8248674_373_pos_BCG_8wk_filtered_peak_bc_matrix,scatac,human,unknown,False,"['chr1:586026-586371', 'chr1:629773-630122', 'chr1:633804-634257', 'chr1:778203-779336', 'chr1:821252-822269']"
GSM8248675_372_neg_BCG_16wk_filtered_peak_bc_matrix,scatac,human,unknown,False,"['chr1:629839-630114', 'chr1:633804-634257', 'chr1:778219-779342', 'chr1:821347-821362', 'chr1:827088-827820']"
GSM8248676_376_AS01_16wk_filtered_peak_bc_matrix,scatac,human,unknown,False,"['chr1:585997-586407', 'chr1:629715-630174', 'chr1:633794-634268', 'chr1:778125-779438', 'chr1:817172-817513']"
GSM8397466_WT1_filtered_peak_bc_matrix,scatac,human,unknown,False,"['chr1:3445615-3446526', 'chr1:3670510-3671220', 'chr1:3672140-3672689', 'chr1:4332173-4333060', 'chr1:4414250-4414983']"
GSM8397467_WT2_filtered_peak_bc_matrix,scatac,human,unknown,False,"['chr1:3445565-3446450', 'chr1:3670533-3671265', 'chr1:3672225-3672813', 'chr1:4332232-4333088', 'chr1:4412110-4413060']"
GSM8462143_AL05_ATAC_filtered_peak_bc_matrix,scatac,human,unknown,False,"['chr1:181053-181805', 'chr1:184005-184871', 'chr1:191089-192020', 'chr1:267589-268454', 'chr1:585765-586651']"
GSM8462144_AL08_ATAC_filtered_peak_bc_matrix,scatac,human,unknown,False,"['chr1:191056-191916', 'chr1:629394-630392', 'chr1:632527-633436', 'chr1:633715-634522', 'chr1:778308-779216']"
GSM8462145_AL10_ATAC_filtered_peak_bc_matrix,scatac,human,unknown,False,"['chr1:9774-10673', 'chr1:108101-108652', 'chr1:108773-109505', 'chr1:127331-128221', 'chr1:180695-181319']"
GSM8462146_AL11_ATAC_filtered_peak_bc_matrix,scatac,human,unknown,False,"['chr1:180645-181218', 'chr1:181317-181685', 'chr1:190970-191925', 'chr1:629502-630395', 'chr1:631290-632109']"
GSM8462147_AL12_ATAC_filtered_peak_bc_matrix,scatac,human,unknown,False,"['chr1:191043-191915', 'chr1:629500-630393', 'chr1:631275-632112', 'chr1:633577-634536', 'chr1:778289-779208']"
GSM8517035_scATAC_P28_Dlx_ALM_rep1_filtered_peak_bc_matrix,scatac,human,unknown,False,"['chr1:3094647-3095530', 'chr1:3097027-3097703', 'chr1:3113244-3114146', 'chr1:3120034-3120719', 'chr1:3121175-3121990']"
GSM8546124_Control_filtered_peak_bc_matrix,scatac,human,unknown,False,"['chr1:3057214-3058091', 'chr1:3116536-3117418', 'chr1:3119638-3120521', 'chr1:3121318-3122013', 'chr1:3125733-3126644']"
GSM8546125_BLM_filtered_peak_bc_matrix,scatac,human,unknown,False,"['chr1:3100229-3101140', 'chr1:3119617-3120498', 'chr1:3121352-3122087', 'chr1:3125782-3126680', 'chr1:3131851-3132696']"
GSM8685152_TK64_filtered_feature_bc_matrix,scatac,human,mouse,True,"['Xkr4', 'Gm1992', 'Gm37381', 'Rp1', 'Sox17']"
GSM8685155_TKX_filtered_feature_bc_matrix,scatac,human,mouse,True,"['Xkr4', 'Gm1992', 'Gm37381', 'Rp1', 'Sox17']"
GSM8685177_TKC7_filtered_feature_bc_matrix,scatac,human,mouse,True,"['Xkr4', 'Gm1992', 'Gm37381', 'Rp1', 'Sox17']"
GSM8729707_filtered_peak_bc_matrix_cellrangerGenome,scatac,human,unknown,False,"['chr1:180672-181178', 'chr1:181201-181686', 'chr1:629802-630619', 'chr1:633582-634456', 'chr1:733448-734327']"
GSM8852347_MH_07_042_M2_filtered_peak_bc_matrix,scatac,human,unknown,False,"['chr1:180734-181683', 'chr1:183935-184770', 'chr1:191052-191934', 'chr1:629412-630393', 'chr1:631285-632180']"
GSM8852348_MH_13-084-D12_filtered_feature_bc_matrix,scatac,human,human,False,"['MIR1302-2HG', 'FAM138A', 'OR4F5', 'AL627309.1', 'AL627309.3']"
GSM8852349_MH_13_084_D13_filtered_peak_bc_matrix,scatac,human,unknown,False,"['chr1:10013-10898', 'chr1:564851-565775', 'chr1:568939-569855', 'chr1:713680-714582', 'chr1:715140-715745']"
GSM8900548_sample1_ATAC_filtered_peak_bc_matrix,scatac,human,unknown,False,"['chr1:3184834-3185701', 'chr1:3670584-3671123', 'chr1:3671315-3672195', 'chr1:4491670-4492620', 'chr1:4493133-4493986']"
GSM8900549_sample2_ATAC_filtered_peak_bc_matrix,scatac,human,unknown,False,"['chr1:3184739-3185651', 'chr1:3852220-3853061', 'chr1:4255548-4256451', 'chr1:4258879-4259608', 'chr1:4259843-4260642']"
GSM8900550_sample3_ATAC_filtered_peak_bc_matrix,scatac,human,unknown,False,"['chr1:3670528-3671209', 'chr1:3671358-3672257', 'chr1:4491680-4492558', 'chr1:4493151-4494039', 'chr1:4496195-4496981']"
GSM8900551_sample4_ATAC_filtered_peak_bc_matrix,scatac,human,unknown,False,"['chr1:3670604-3671168', 'chr1:3671388-3672287', 'chr1:4491711-4492627', 'chr1:4493128-4493972', 'chr1:4496178-4496904']"
GSM8900552_sample5_ATAC_filtered_peak_bc_matrix,scatac,human,unknown,False,"['chr1:3086934-3087733', 'chr1:3147380-3148240', 'chr1:3149322-3150098', 'chr1:3184720-3185642', 'chr1:3335051-3335982']"
GSM8900553_sample6_ATAC_filtered_peak_bc_matrix,scatac,human,unknown,False,"['chr1:3670456-3671279', 'chr1:3671354-3672411', 'chr1:4412188-4413070', 'chr1:4491667-4492574', 'chr1:4496288-4496905']"
GSM8997246_Sample1_filtered_peak_bc_matrix,scatac,human,unknown,False,"['chr1:9763-10650', 'chr1:180589-181072', 'chr1:181177-181773', 'chr1:191218-192132', 'chr1:267549-268440']"
GSE185538_new,scrna,mouse,mouse,False,"['AABR07000089.1', 'Vom2r6', 'Vom2r5', 'Raet1e', 'LOC102547056']"
GSE130430_new,scrna,mouse,human,True,"['MIR1302-10', 'FAM138A', 'OR4F5', 'RP11-34P13.7', 'RP11-34P13.8']"
GSE155249_new,scrna,human,mouse,True,"['SARS-CoV-2i_ORF1ab', 'SARS-CoV-2i_S', 'SARS-CoV-2i_ORF3a', 'SARS-CoV-2i_E', 'SARS-CoV-2i_M']"
GSE205506_new,scrna,human,human,False,"['MIR1302-2HG', 'FAM138A', 'OR4F5', 'AL627309.1', 'AL627309.3']"
GSE139324_new,scrna,human,human,False,"['RP11-34P13.3', 'FAM138A', 'OR4F5', 'RP11-34P13.7', 'RP11-34P13.8']"
GSE167118_new,scrna,mouse,human,True,"['MIR1302-2HG', 'FAM138A', 'OR4F5', 'AL627309.1', 'AL627309.3']"
GSE162454_new,scrna,human,human,False,"['MIR1302-2HG', 'FAM138A', 'OR4F5', 'AL627309.1', 'AL627309.3']"
GSE145926_new,scrna,human,human,False,"['MIR1302-2HG', 'FAM138A', 'OR4F5', 'AL627309.1', 'AL627309.3']"
GSE166635_new,scrna,mouse,human,True,"['RP11-34P13.3', 'FAM138A', 'OR4F5', 'RP11-34P13.7', 'RP11-34P13.8']"
GSE163558_new,scrna,human,human,False,"['MIR1302-2HG', 'FAM138A', 'OR4F5', 'AL627309.1', 'AL627309.3']"
GSE164378_new,scrna,human,human,False,"['MIR1302-2HG', 'FAM138A', 'OR4F5', 'AL627309.1', 'AL627309.3']"
GSE149689_new,scrna,human,human,False,"['MIR1302-2HG', 'FAM138A', 'OR4F5', 'AL627309.1', 'AL627309.3']"
GSE151530_new,scrna,human,human,False,"['RP11-34P13.7', 'FO538757.2', 'AP006222.2', 'RP4-669L17.10', 'RP11-206L10.9']"
GSE158803_new,scrna,human,human,False,"['MIR1302-2HG', 'FAM138A', 'OR4F5', 'AL627309.1', 'AL627309.3']"
GSE163484_new,scrna,mouse,mouse,False,"['Xkr4', 'Gm1992', 'Gm37381', 'Rp1', 'Sox17']"
GSE175814_new,scrna,human,human,False,"['MIR1302-2HG', 'FAM138A', 'OR4F5', 'AL627309.1', 'AL627309.3']"
GSE181061_new,scrna,human,human,False,"['MIR1302-2HG', 'FAM138A', 'OR4F5', 'AL627309.1', 'AL627309.3']"
GSE186344_new,scrna,human,human,False,"['RP11-34P13.3', 'FAM138A', 'OR4F5', 'RP11-34P13.7', 'RP11-34P13.8']"
GSE197177_new,scrna,human,human,False,"['MIR1302-2HG', 'FAM138A', 'OR4F5', 'AL627309.1', 'AL627309.3']"
GSE213337_new,scrna,human,mouse,True,"['Xkr4', 'Gm1992', 'Gm37381', 'Rp1', 'Sox17']"
GSE235063_new,scrna,human,human,False,"['AL627309.1', 'AL627309.3', 'AL627309.4', 'AL669831.2', 'AL669831.5']"
GSE139555_new,scrna,human,human,False,"['LOC100505874', 'LOC102724902', 'LOC102724250', 'LOC102725076', 'LOC102725075']"
GSE149655_new,scrna,human,human,False,"['MIR1302-2HG', 'FAM138A', 'OR4F5', 'AL627309.1', 'AL627309.3']"
GSE154778_new,scrna,human,human,False,"['MIR1302-2HG', 'FAM138A', 'OR4F5', 'AL627309.1', 'AL627309.3']"
GSE181388_new,scrna,mouse,human,True,"['MIR1302-2HG', 'FAM138A', 'OR4F5', 'AL627309.1', 'AL627309.3']"
GSE188676_new,scrna,mouse,mouse,False,"['Xkr4', 'Gm1992', 'Gm19938', 'Gm37381', 'Rp1']"
GSE125449_new,scrna,human,human,False,"['RP11-34P13.7', 'FO538757.2', 'AP006222.2', 'RP4-669L17.10', 'RP5-857K21.4']"
GSE128033_new,scrna,human,human,False,"['RP11-34P13.3', 'FAM138A', 'OR4F5', 'RP11-34P13.7', 'RP11-34P13.8']"
GSE138794_new,scrna,human,human,False,"['RP11-34P13.3', 'FAM138A', 'OR4F5', 'RP11-34P13.7', 'RP11-34P13.8']"
GSE159519_new,scrna,human,human,False,"['OR4F5', 'OR4F29', 'OR4F16', 'SAMD11', 'NOC2L']"
GSE161277_new,scrna,mouse,human,True,"['MIR1302-2HG', 'FAM138A', 'OR4F5', 'AL627309.1', 'AL627309.3']"
GSE173193_new,scrna,human,human,False,"['MIR1302-2HG', 'FAM138A', 'OR4F5', 'AL627309.1', 'AL627309.3']"
GSE190604_new,scrna,human,human,False,"['MIR1302-2HG', 'FAM138A', 'OR4F5', 'AL627309.1', 'AL627309.3']"
GSE120926_new,scrna,human,human,False,"['WASH7P', 'FAM138F', 'FAM138A', 'OR4F5', 'LOC729737']"
GSE189357_new,scrna,human,human,False,"['MIR1302-2HG', 'FAM138A', 'OR4F5', 'AL627309.1', 'AL627309.3']"
GSE208074_new,scrna,human,human,False,"['DDX11L1', 'WASH7P', 'MIR6859-1', 'MIR1302-2HG', 'MIR1302-2']"
GSE220297_new,scrna,human,human,False,"['ENSSSCG00000030218', 'ENSSSCG00000029697', 'DLL1', 'CH242-271M12.1', 'ENSSSCG00000004009']"
GSE220840_new,scrna,human,human,False,"['MIR1302-2HG', 'FAM138A', 'OR4F5', 'AL627309.1', 'AL627309.3']"
GSE260778_new,scrna,human,human,False,"['RP11-34P13.3', 'FAM138A', 'OR4F5', 'RP11-34P13.7', 'RP11-34P13.8']"
GSE264586_new,scrna,human,human,False,"['MIR1302-2HG', 'FAM138A', 'OR4F5', 'AL627309.1', 'AL627309.3']"
GSE270891_new,scrna,human,human,False,"['MIR1302-2HG', 'FAM138A', 'OR4F5', 'AL627309.1', 'AL627309.3']"
GSE273423_new,scrna,human,human,False,"['MIR1302-2HG', 'FAM138A', 'OR4F5', 'AL627309.1', 'AL627309.3']"
GSE274905_new,scrna,human,human,False,"['MIR1302-2HG', 'FAM138A', 'OR4F5', 'AL627309.1', 'AL627309.3']"
GSE279264_new,scrna,human,human,False,"['MIR1302-2HG', 'FAM138A', 'OR4F5', 'AL627309.1', 'AL627309.3']"
GSE280258_new,scrna,human,human,False,"['MIR1302-2HG', 'FAM138A', 'OR4F5', 'AL627309.1', 'AL627309.3']"
GSE280767_new,scrna,human,human,False,"['MIR1302-2HG', 'FAM138A', 'OR4F5', 'AL627309.1', 'AL627309.3']"
GSE283554_new,scrna,human,human,False,"['MIR1302-2HG', 'FAM138A', 'OR4F5', 'AL627309.1', 'AL627309.3']"
GSE193807_new,scrna,human,human,False,"['MIR1302-2HG', 'FAM138A', 'OR4F5', 'AL627309.1', 'AL627309.3']"
GSE216673_new,scrna,human,human,False,"['MIR1302-2HG', 'FAM138A', 'OR4F5', 'AL627309.1', 'AL627309.3']"
GSE232938_new,scrna,human,human,False,"['MIR1302-2HG', 'FAM138A', 'OR4F5', 'AL627309.1', 'AL627309.3']"
GSE253936_new,scrna,human,human,False,"['MIR1302-2HG', 'FAM138A', 'OR4F5', 'AL627309.1', 'AL627309.3']"
GSE272457_new,scrna,human,mouse,True,"['GRCh38_MIR1302-2HG', 'GRCh38_FAM138A', 'GRCh38_OR4F5', 'GRCh38_AL627309.1', 'GRCh38_AL627309.3']"
